{
  "dataset_revision": "56a6d0140cf6356659e2a7c1413286a774468d44",
  "mteb_dataset_name": "SCIDOCS",
  "mteb_version": "1.3.1",
  "test": {
    "evaluation_time": 3161.05,
    "map_at_1": 0.0,
    "map_at_10": 5e-05,
    "map_at_100": 0.00032,
    "map_at_1000": 0.00245,
    "map_at_3": 0.0,
    "map_at_5": 0.0,
    "mrr_at_1": 0.0,
    "mrr_at_10": 0.00024,
    "mrr_at_100": 0.0015,
    "mrr_at_1000": 0.00332,
    "mrr_at_3": 0.0,
    "mrr_at_5": 0.0,
    "ndcg_at_1": 0.0,
    "ndcg_at_10": 0.00021,
    "ndcg_at_100": 0.00377,
    "ndcg_at_1000": 0.1275,
    "ndcg_at_3": 0.0,
    "ndcg_at_5": 0.0,
    "precision_at_1": 0.0,
    "precision_at_10": 0.0002,
    "precision_at_100": 0.00061,
    "precision_at_1000": 0.00354,
    "precision_at_3": 0.0,
    "precision_at_5": 0.0,
    "recall_at_1": 0.0,
    "recall_at_10": 0.0004,
    "recall_at_100": 0.01238,
    "recall_at_1000": 0.71965,
    "recall_at_3": 0.0,
    "recall_at_5": 0.0
  }
}