{
  "dataset_revision": "c22ab2a51041ffd869aaddef7af8d8215647e41a",
  "mteb_dataset_name": "ArguAna",
  "mteb_version": "1.8.7",
  "test": {
    "evaluation_time": 53.88,
    "map_at_1": 0.23186,
    "map_at_10": 0.37692,
    "map_at_100": 0.38986,
    "map_at_1000": 0.38991,
    "map_at_20": 0.38689,
    "map_at_3": 0.32622,
    "map_at_5": 0.35005,
    "mrr_at_1": 0.23613,
    "mrr_at_10": 0.37847,
    "mrr_at_100": 0.39153,
    "mrr_at_1000": 0.39159,
    "mrr_at_20": 0.38857,
    "mrr_at_3": 0.32871,
    "mrr_at_5": 0.35186,
    "ndcg_at_1": 0.23186,
    "ndcg_at_10": 0.46521,
    "ndcg_at_100": 0.51954,
    "ndcg_at_1000": 0.52087,
    "ndcg_at_20": 0.50048,
    "ndcg_at_3": 0.35849,
    "ndcg_at_5": 0.4012,
    "precision_at_1": 0.23186,
    "precision_at_10": 0.07511,
    "precision_at_100": 0.00986,
    "precision_at_1000": 0.001,
    "precision_at_20": 0.04442,
    "precision_at_3": 0.15078,
    "precision_at_5": 0.1111,
    "recall_at_1": 0.23186,
    "recall_at_10": 0.75107,
    "recall_at_100": 0.98649,
    "recall_at_1000": 0.99644,
    "recall_at_20": 0.88834,
    "recall_at_3": 0.45235,
    "recall_at_5": 0.55548
  }
}