{
  "dataset_revision": "bea83ef9e8fb933d90a2f1d5515737465d613e12",
  "mteb_dataset_name": "FEVER",
  "mteb_version": "1.3.1",
  "test": {
    "evaluation_time": 7728.53,
    "map_at_1": 0.33672,
    "map_at_10": 0.4488,
    "map_at_100": 0.45642,
    "map_at_1000": 0.45689,
    "map_at_3": 0.42146,
    "map_at_5": 0.43797,
    "mrr_at_1": 0.36292,
    "mrr_at_10": 0.47866,
    "mrr_at_100": 0.48534,
    "mrr_at_1000": 0.48566,
    "mrr_at_3": 0.45183,
    "mrr_at_5": 0.46826,
    "ndcg_at_1": 0.36292,
    "ndcg_at_10": 0.50983,
    "ndcg_at_100": 0.54546,
    "ndcg_at_1000": 0.55723,
    "ndcg_at_3": 0.45603,
    "ndcg_at_5": 0.48476,
    "precision_at_1": 0.36292,
    "precision_at_10": 0.07377,
    "precision_at_100": 0.00934,
    "precision_at_1000": 0.00106,
    "precision_at_3": 0.19055,
    "precision_at_5": 0.13049,
    "recall_at_1": 0.33672,
    "recall_at_10": 0.6686,
    "recall_at_100": 0.82894,
    "recall_at_1000": 0.91674,
    "recall_at_3": 0.52622,
    "recall_at_5": 0.59357
  }
}