{
  "dataset_revision": "ab518f4d6fcca38d87c25209f94beba119d02014",
  "mteb_dataset_name": "HotpotQA",
  "mteb_version": "1.3.1",
  "test": {
    "evaluation_time": 4761.2,
    "map_at_1": 0.26884,
    "map_at_10": 0.40182,
    "map_at_100": 0.41351,
    "map_at_1000": 0.41463,
    "map_at_3": 0.36772,
    "map_at_5": 0.38791,
    "mrr_at_1": 0.53767,
    "mrr_at_10": 0.61782,
    "mrr_at_100": 0.62296,
    "mrr_at_1000": 0.6233,
    "mrr_at_3": 0.59739,
    "mrr_at_5": 0.61017,
    "ndcg_at_1": 0.53767,
    "ndcg_at_10": 0.4894,
    "ndcg_at_100": 0.53607,
    "ndcg_at_1000": 0.55912,
    "ndcg_at_3": 0.43389,
    "ndcg_at_5": 0.46324,
    "precision_at_1": 0.53767,
    "precision_at_10": 0.10741,
    "precision_at_100": 0.01446,
    "precision_at_1000": 0.00175,
    "precision_at_3": 0.27559,
    "precision_at_5": 0.18857,
    "recall_at_1": 0.26884,
    "recall_at_10": 0.53703,
    "recall_at_100": 0.72283,
    "recall_at_1000": 0.87481,
    "recall_at_3": 0.41338,
    "recall_at_5": 0.47142
  }
}