{
  "dataset_revision": "bea83ef9e8fb933d90a2f1d5515737465d613e12",
  "mteb_dataset_name": "FEVER",
  "mteb_version": "1.3.1",
  "test": {
    "evaluation_time": 7619.95,
    "map_at_1": 0.39931,
    "map_at_10": 0.54528,
    "map_at_100": 0.55247,
    "map_at_1000": 0.55275,
    "map_at_3": 0.50955,
    "map_at_5": 0.53594,
    "mrr_at_1": 0.4375,
    "mrr_at_10": 0.57879,
    "mrr_at_100": 0.58483,
    "mrr_at_1000": 0.58488,
    "mrr_at_3": 0.54514,
    "mrr_at_5": 0.57118,
    "ndcg_at_1": 0.4375,
    "ndcg_at_10": 0.61615,
    "ndcg_at_100": 0.6498,
    "ndcg_at_1000": 0.65533,
    "ndcg_at_3": 0.54841,
    "ndcg_at_5": 0.59557,
    "precision_at_1": 0.4375,
    "precision_at_10": 0.0875,
    "precision_at_100": 0.01052,
    "precision_at_1000": 0.00111,
    "precision_at_3": 0.22569,
    "precision_at_5": 0.16042,
    "recall_at_1": 0.39931,
    "recall_at_10": 0.80035,
    "recall_at_100": 0.95486,
    "recall_at_1000": 0.99479,
    "recall_at_3": 0.62847,
    "recall_at_5": 0.74132
  }
}