{
  "dataset_revision": "ab518f4d6fcca38d87c25209f94beba119d02014",
  "mteb_dataset_name": "HotpotQA",
  "mteb_version": "1.3.1",
  "test": {
    "evaluation_time": 4628.62,
    "map_at_1": 0.27047,
    "map_at_10": 0.40991,
    "map_at_100": 0.4232,
    "map_at_1000": 0.42434,
    "map_at_3": 0.37395,
    "map_at_5": 0.39487,
    "mrr_at_1": 0.54093,
    "mrr_at_10": 0.62588,
    "mrr_at_100": 0.63119,
    "mrr_at_1000": 0.63148,
    "mrr_at_3": 0.60453,
    "mrr_at_5": 0.61792,
    "ndcg_at_1": 0.54093,
    "ndcg_at_10": 0.49953,
    "ndcg_at_100": 0.5506,
    "ndcg_at_1000": 0.57292,
    "ndcg_at_3": 0.44115,
    "ndcg_at_5": 0.47151,
    "precision_at_1": 0.54093,
    "precision_at_10": 0.11045,
    "precision_at_100": 0.01507,
    "precision_at_1000": 0.0018,
    "precision_at_3": 0.28149,
    "precision_at_5": 0.19282,
    "recall_at_1": 0.27047,
    "recall_at_10": 0.55227,
    "recall_at_100": 0.75346,
    "recall_at_1000": 0.89956,
    "recall_at_3": 0.42223,
    "recall_at_5": 0.48205
  }
}