epoch,steps,cos_sim-Accuracy@1,cos_sim-Accuracy@3,cos_sim-Accuracy@5,cos_sim-Accuracy@10,cos_sim-Precision@1,cos_sim-Recall@1,cos_sim-Precision@3,cos_sim-Recall@3,cos_sim-Precision@5,cos_sim-Recall@5,cos_sim-Precision@10,cos_sim-Recall@10,cos_sim-MRR@10,cos_sim-NDCG@10,cos_sim-MAP@100
0,2500,0.9100091827364555,0.9614325068870524,0.9715335169880625,0.9807162534435262,0.9100091827364555,0.45500459136822774,0.549433731251913,0.8241505968778696,0.3504132231404959,0.8760330578512396,0.18503213957759412,0.9251606978879706,0.9369856574402031,0.8803856947968831,0.8341923338469766
0,5000,0.9173553719008265,0.9623507805325987,0.9724517906336089,0.9871441689623508,0.9173553719008265,0.45867768595041325,0.5583103764921947,0.837465564738292,0.35482093663911846,0.8870523415977961,0.18613406795224977,0.9306703397612488,0.9429861384406838,0.8898027499570924,0.8473587612074177
0,7500,0.9182736455463728,0.9651056014692379,0.9742883379247016,0.9880624426078971,0.9182736455463728,0.4591368227731864,0.5644322007958372,0.8466483011937558,0.3555555555555556,0.8888888888888888,0.1865013774104683,0.9325068870523416,0.9444331482210272,0.892908813551109,0.8521267798479738
0,10000,0.9164370982552801,0.9623507805325987,0.9761248852157943,0.98989898989899,0.9164370982552801,0.45821854912764004,0.5656565656565656,0.8484848484848485,0.35720844811753905,0.8930211202938476,0.18824609733700642,0.9412304866850322,0.9426723949451223,0.8964534577132179,0.8541927513448841
0,-1,0.9173553719008265,0.9632690541781451,0.9770431588613406,0.9880624426078971,0.9173553719008265,0.45867768595041325,0.5656565656565656,0.8484848484848485,0.3570247933884297,0.8925619834710744,0.18787878787878787,0.9393939393939394,0.9435039427463668,0.8961311784489462,0.8543067891990113
