{
  "dataset_revision": "56a6d0140cf6356659e2a7c1413286a774468d44",
  "mteb_dataset_name": "SCIDOCS",
  "mteb_version": "1.3.1",
  "test": {
    "evaluation_time": 1543.73,
    "map_at_1": 0.0004,
    "map_at_10": 0.00047,
    "map_at_100": 0.00075,
    "map_at_1000": 0.00296,
    "map_at_3": 0.0004,
    "map_at_5": 0.00044,
    "mrr_at_1": 0.002,
    "mrr_at_10": 0.00237,
    "mrr_at_100": 0.00365,
    "mrr_at_1000": 0.00558,
    "mrr_at_3": 0.002,
    "mrr_at_5": 0.0022,
    "ndcg_at_1": 0.002,
    "ndcg_at_10": 0.00093,
    "ndcg_at_100": 0.00399,
    "ndcg_at_1000": 0.13109,
    "ndcg_at_3": 0.00094,
    "ndcg_at_5": 0.00081,
    "precision_at_1": 0.002,
    "precision_at_10": 0.0004,
    "precision_at_100": 0.00052,
    "precision_at_1000": 0.00363,
    "precision_at_3": 0.00067,
    "precision_at_5": 0.0006,
    "recall_at_1": 0.0004,
    "recall_at_10": 0.0008,
    "recall_at_100": 0.01055,
    "recall_at_1000": 0.73587,
    "recall_at_3": 0.0004,
    "recall_at_5": 0.0006
  }
}