{
  "dataset_revision": "bea83ef9e8fb933d90a2f1d5515737465d613e12",
  "mteb_dataset_name": "FEVER",
  "mteb_version": "1.3.1",
  "test": {
    "evaluation_time": 7540.21,
    "map_at_1": 0.42991,
    "map_at_10": 0.5415,
    "map_at_100": 0.55087,
    "map_at_1000": 0.55123,
    "map_at_3": 0.52492,
    "map_at_5": 0.5296,
    "mrr_at_1": 0.45794,
    "mrr_at_10": 0.56982,
    "mrr_at_100": 0.57869,
    "mrr_at_1000": 0.57895,
    "mrr_at_3": 0.5514,
    "mrr_at_5": 0.55841,
    "ndcg_at_1": 0.45794,
    "ndcg_at_10": 0.59887,
    "ndcg_at_100": 0.63641,
    "ndcg_at_1000": 0.64392,
    "ndcg_at_3": 0.56192,
    "ndcg_at_5": 0.57088,
    "precision_at_1": 0.45794,
    "precision_at_10": 0.08037,
    "precision_at_100": 0.00991,
    "precision_at_1000": 0.00106,
    "precision_at_3": 0.22741,
    "precision_at_5": 0.14206,
    "recall_at_1": 0.42991,
    "recall_at_10": 0.74766,
    "recall_at_100": 0.90374,
    "recall_at_1000": 0.95981,
    "recall_at_3": 0.64486,
    "recall_at_5": 0.66355
  }
}