{
  "dataset_revision": "c22ab2a51041ffd869aaddef7af8d8215647e41a",
  "mteb_dataset_name": "ArguAna",
  "mteb_version": "1.8.7",
  "test": {
    "evaluation_time": 9.51,
    "map_at_1": 0.23257,
    "map_at_10": 0.38083,
    "map_at_100": 0.39264,
    "map_at_1000": 0.39273,
    "map_at_20": 0.38984,
    "map_at_3": 0.32575,
    "map_at_5": 0.35669,
    "mrr_at_1": 0.23826,
    "mrr_at_10": 0.38322,
    "mrr_at_100": 0.39489,
    "mrr_at_1000": 0.39498,
    "mrr_at_20": 0.3921,
    "mrr_at_3": 0.32942,
    "mrr_at_5": 0.35848,
    "ndcg_at_1": 0.23257,
    "ndcg_at_10": 0.47128,
    "ndcg_at_100": 0.52093,
    "ndcg_at_1000": 0.52316,
    "ndcg_at_20": 0.50286,
    "ndcg_at_3": 0.35794,
    "ndcg_at_5": 0.41364,
    "precision_at_1": 0.23257,
    "precision_at_10": 0.07632,
    "precision_at_100": 0.00979,
    "precision_at_1000": 0.001,
    "precision_at_20": 0.04427,
    "precision_at_3": 0.15055,
    "precision_at_5": 0.11735,
    "recall_at_1": 0.23257,
    "recall_at_10": 0.76316,
    "recall_at_100": 0.97866,
    "recall_at_1000": 0.99573,
    "recall_at_20": 0.88549,
    "recall_at_3": 0.45164,
    "recall_at_5": 0.58677
  }
}