{
  "dataset_revision": "c22ab2a51041ffd869aaddef7af8d8215647e41a",
  "mteb_dataset_name": "ArguAna",
  "mteb_version": "1.3.1",
  "test": {
    "evaluation_time": 1488.82,
    "map_at_1": 0.0,
    "map_at_10": 0.00024,
    "map_at_100": 0.00031,
    "map_at_1000": 0.00136,
    "map_at_3": 0.00024,
    "map_at_5": 0.00024,
    "mrr_at_1": 0.0,
    "mrr_at_10": 0.00024,
    "mrr_at_100": 0.00031,
    "mrr_at_1000": 0.00136,
    "mrr_at_3": 0.00024,
    "mrr_at_5": 0.00024,
    "ndcg_at_1": 0.0,
    "ndcg_at_10": 0.00036,
    "ndcg_at_100": 0.00098,
    "ndcg_at_1000": 0.09946,
    "ndcg_at_3": 0.00036,
    "ndcg_at_5": 0.00036,
    "precision_at_1": 0.0,
    "precision_at_10": 7e-05,
    "precision_at_100": 4e-05,
    "precision_at_1000": 0.00098,
    "precision_at_3": 0.00024,
    "precision_at_5": 0.00014,
    "recall_at_1": 0.0,
    "recall_at_10": 0.00071,
    "recall_at_100": 0.00427,
    "recall_at_1000": 0.97653,
    "recall_at_3": 0.00071,
    "recall_at_5": 0.00071
  }
}