{
  "dataset_revision": "bea83ef9e8fb933d90a2f1d5515737465d613e12",
  "mteb_dataset_name": "FEVER",
  "mteb_version": "1.3.1",
  "test": {
    "evaluation_time": 7895.43,
    "map_at_1": 0.3165,
    "map_at_10": 0.42955,
    "map_at_100": 0.43768,
    "map_at_1000": 0.43812,
    "map_at_3": 0.40042,
    "map_at_5": 0.41724,
    "mrr_at_1": 0.3406,
    "mrr_at_10": 0.45664,
    "mrr_at_100": 0.4641,
    "mrr_at_1000": 0.4644,
    "mrr_at_3": 0.42737,
    "mrr_at_5": 0.4446,
    "ndcg_at_1": 0.3406,
    "ndcg_at_10": 0.49238,
    "ndcg_at_100": 0.53076,
    "ndcg_at_1000": 0.54117,
    "ndcg_at_3": 0.4338,
    "ndcg_at_5": 0.46361,
    "precision_at_1": 0.3406,
    "precision_at_10": 0.07243,
    "precision_at_100": 0.00939,
    "precision_at_1000": 0.00104,
    "precision_at_3": 0.18228,
    "precision_at_5": 0.12494,
    "recall_at_1": 0.3165,
    "recall_at_10": 0.66021,
    "recall_at_100": 0.83305,
    "recall_at_1000": 0.91019,
    "recall_at_3": 0.50413,
    "recall_at_5": 0.57473
  }
}