{
  "dataset_revision": "ab518f4d6fcca38d87c25209f94beba119d02014",
  "task_name": "HotpotQA",
  "mteb_version": "1.34.26",
  "scores": {
    "test": [
      {
        "ndcg_at_1": 0.17083,
        "ndcg_at_3": 0.15394,
        "ndcg_at_5": 0.17379,
        "ndcg_at_10": 0.19947,
        "ndcg_at_20": 0.22071,
        "ndcg_at_100": 0.26022,
        "ndcg_at_1000": 0.29598,
        "map_at_1": 0.08542,
        "map_at_3": 0.12062,
        "map_at_5": 0.13138,
        "map_at_10": 0.14221,
        "map_at_20": 0.14848,
        "map_at_100": 0.15441,
        "map_at_1000": 0.15593,
        "recall_at_1": 0.08542,
        "recall_at_3": 0.15503,
        "recall_at_5": 0.1944,
        "recall_at_10": 0.25935,
        "recall_at_20": 0.32775,
        "recall_at_100": 0.50432,
        "recall_at_1000": 0.7418,
        "precision_at_1": 0.17083,
        "precision_at_3": 0.10335,
        "precision_at_5": 0.07776,
        "precision_at_10": 0.05187,
        "precision_at_20": 0.03278,
        "precision_at_100": 0.01009,
        "precision_at_1000": 0.00148,
        "mrr_at_1": 0.170831,
        "mrr_at_3": 0.220347,
        "mrr_at_5": 0.234614,
        "mrr_at_10": 0.247463,
        "mrr_at_20": 0.25397,
        "mrr_at_100": 0.25916,
        "mrr_at_1000": 0.259956,
        "nauc_ndcg_at_1_max": -0.099246,
        "nauc_ndcg_at_1_std": -0.18107,
        "nauc_ndcg_at_1_diff1": 0.233966,
        "nauc_ndcg_at_3_max": -0.100883,
        "nauc_ndcg_at_3_std": -0.174558,
        "nauc_ndcg_at_3_diff1": 0.185411,
        "nauc_ndcg_at_5_max": -0.098683,
        "nauc_ndcg_at_5_std": -0.170445,
        "nauc_ndcg_at_5_diff1": 0.175566,
        "nauc_ndcg_at_10_max": -0.099269,
        "nauc_ndcg_at_10_std": -0.154725,
        "nauc_ndcg_at_10_diff1": 0.169667,
        "nauc_ndcg_at_20_max": -0.099357,
        "nauc_ndcg_at_20_std": -0.146385,
        "nauc_ndcg_at_20_diff1": 0.167387,
        "nauc_ndcg_at_100_max": -0.094706,
        "nauc_ndcg_at_100_std": -0.115465,
        "nauc_ndcg_at_100_diff1": 0.176565,
        "nauc_ndcg_at_1000_max": -0.097404,
        "nauc_ndcg_at_1000_std": -0.099684,
        "nauc_ndcg_at_1000_diff1": 0.184765,
        "nauc_map_at_1_max": -0.099246,
        "nauc_map_at_1_std": -0.18107,
        "nauc_map_at_1_diff1": 0.233966,
        "nauc_map_at_3_max": -0.102035,
        "nauc_map_at_3_std": -0.173728,
        "nauc_map_at_3_diff1": 0.19774,
        "nauc_map_at_5_max": -0.099466,
        "nauc_map_at_5_std": -0.16941,
        "nauc_map_at_5_diff1": 0.190687,
        "nauc_map_at_10_max": -0.100187,
        "nauc_map_at_10_std": -0.160803,
        "nauc_map_at_10_diff1": 0.186495,
        "nauc_map_at_20_max": -0.100193,
        "nauc_map_at_20_std": -0.157452,
        "nauc_map_at_20_diff1": 0.185186,
        "nauc_map_at_100_max": -0.098998,
        "nauc_map_at_100_std": -0.151307,
        "nauc_map_at_100_diff1": 0.186791,
        "nauc_map_at_1000_max": -0.099168,
        "nauc_map_at_1000_std": -0.150245,
        "nauc_map_at_1000_diff1": 0.187155,
        "nauc_recall_at_1_max": -0.099246,
        "nauc_recall_at_1_std": -0.18107,
        "nauc_recall_at_1_diff1": 0.233966,
        "nauc_recall_at_3_max": -0.100679,
        "nauc_recall_at_3_std": -0.16966,
        "nauc_recall_at_3_diff1": 0.16157,
        "nauc_recall_at_5_max": -0.095408,
        "nauc_recall_at_5_std": -0.160144,
        "nauc_recall_at_5_diff1": 0.143184,
        "nauc_recall_at_10_max": -0.093658,
        "nauc_recall_at_10_std": -0.118991,
        "nauc_recall_at_10_diff1": 0.126898,
        "nauc_recall_at_20_max": -0.088347,
        "nauc_recall_at_20_std": -0.090387,
        "nauc_recall_at_20_diff1": 0.116143,
        "nauc_recall_at_100_max": -0.060677,
        "nauc_recall_at_100_std": 0.035278,
        "nauc_recall_at_100_diff1": 0.127594,
        "nauc_recall_at_1000_max": -0.061077,
        "nauc_recall_at_1000_std": 0.194889,
        "nauc_recall_at_1000_diff1": 0.152346,
        "nauc_precision_at_1_max": -0.099246,
        "nauc_precision_at_1_std": -0.18107,
        "nauc_precision_at_1_diff1": 0.233966,
        "nauc_precision_at_3_max": -0.100679,
        "nauc_precision_at_3_std": -0.16966,
        "nauc_precision_at_3_diff1": 0.16157,
        "nauc_precision_at_5_max": -0.095408,
        "nauc_precision_at_5_std": -0.160144,
        "nauc_precision_at_5_diff1": 0.143184,
        "nauc_precision_at_10_max": -0.093658,
        "nauc_precision_at_10_std": -0.118991,
        "nauc_precision_at_10_diff1": 0.126898,
        "nauc_precision_at_20_max": -0.088347,
        "nauc_precision_at_20_std": -0.090387,
        "nauc_precision_at_20_diff1": 0.116143,
        "nauc_precision_at_100_max": -0.060677,
        "nauc_precision_at_100_std": 0.035278,
        "nauc_precision_at_100_diff1": 0.127594,
        "nauc_precision_at_1000_max": -0.061077,
        "nauc_precision_at_1000_std": 0.194889,
        "nauc_precision_at_1000_diff1": 0.152346,
        "nauc_mrr_at_1_max": -0.099246,
        "nauc_mrr_at_1_std": -0.18107,
        "nauc_mrr_at_1_diff1": 0.233966,
        "nauc_mrr_at_3_max": -0.099404,
        "nauc_mrr_at_3_std": -0.179201,
        "nauc_mrr_at_3_diff1": 0.192275,
        "nauc_mrr_at_5_max": -0.099667,
        "nauc_mrr_at_5_std": -0.178899,
        "nauc_mrr_at_5_diff1": 0.186713,
        "nauc_mrr_at_10_max": -0.09908,
        "nauc_mrr_at_10_std": -0.1738,
        "nauc_mrr_at_10_diff1": 0.185543,
        "nauc_mrr_at_20_max": -0.099367,
        "nauc_mrr_at_20_std": -0.172504,
        "nauc_mrr_at_20_diff1": 0.184957,
        "nauc_mrr_at_100_max": -0.099046,
        "nauc_mrr_at_100_std": -0.170426,
        "nauc_mrr_at_100_diff1": 0.186475,
        "nauc_mrr_at_1000_max": -0.099003,
        "nauc_mrr_at_1000_std": -0.170407,
        "nauc_mrr_at_1000_diff1": 0.186669,
        "main_score": 0.19947,
        "hf_subset": "default",
        "languages": [
          "eng-Latn"
        ]
      }
    ]
  },
  "evaluation_time": 12610.100038766861,
  "kg_co2_emissions": null
}