{
  "dataset_revision": "bea83ef9e8fb933d90a2f1d5515737465d613e12",
  "task_name": "FEVER",
  "mteb_version": "1.34.26",
  "scores": {
    "test": [
      {
        "ndcg_at_1": 0.40217,
        "ndcg_at_3": 0.46399,
        "ndcg_at_5": 0.51091,
        "ndcg_at_10": 0.53618,
        "ndcg_at_20": 0.5558,
        "ndcg_at_100": 0.5693,
        "ndcg_at_1000": 0.58352,
        "map_at_1": 0.36957,
        "map_at_3": 0.43388,
        "map_at_5": 0.46268,
        "map_at_10": 0.47357,
        "map_at_20": 0.47887,
        "map_at_100": 0.4813,
        "map_at_1000": 0.48197,
        "recall_at_1": 0.36957,
        "recall_at_3": 0.5163,
        "recall_at_5": 0.625,
        "recall_at_10": 0.70109,
        "recall_at_20": 0.77536,
        "recall_at_100": 0.84058,
        "recall_at_1000": 0.93659,
        "precision_at_1": 0.40217,
        "precision_at_3": 0.19203,
        "precision_at_5": 0.13913,
        "precision_at_10": 0.07826,
        "precision_at_20": 0.04348,
        "precision_at_100": 0.00957,
        "precision_at_1000": 0.00111,
        "mrr_at_1": 0.402174,
        "mrr_at_3": 0.471014,
        "mrr_at_5": 0.494384,
        "mrr_at_10": 0.504236,
        "mrr_at_20": 0.510248,
        "mrr_at_100": 0.51166,
        "mrr_at_1000": 0.512209,
        "nauc_ndcg_at_1_max": 0.007501,
        "nauc_ndcg_at_1_std": 0.231354,
        "nauc_ndcg_at_1_diff1": 0.57091,
        "nauc_ndcg_at_3_max": -0.061412,
        "nauc_ndcg_at_3_std": 0.313515,
        "nauc_ndcg_at_3_diff1": 0.482161,
        "nauc_ndcg_at_5_max": -0.093173,
        "nauc_ndcg_at_5_std": 0.314627,
        "nauc_ndcg_at_5_diff1": 0.532507,
        "nauc_ndcg_at_10_max": -0.106099,
        "nauc_ndcg_at_10_std": 0.325383,
        "nauc_ndcg_at_10_diff1": 0.512034,
        "nauc_ndcg_at_20_max": -0.086989,
        "nauc_ndcg_at_20_std": 0.323016,
        "nauc_ndcg_at_20_diff1": 0.503176,
        "nauc_ndcg_at_100_max": -0.09728,
        "nauc_ndcg_at_100_std": 0.315675,
        "nauc_ndcg_at_100_diff1": 0.499235,
        "nauc_ndcg_at_1000_max": -0.101412,
        "nauc_ndcg_at_1000_std": 0.314707,
        "nauc_ndcg_at_1000_diff1": 0.498215,
        "nauc_map_at_1_max": 0.023288,
        "nauc_map_at_1_std": 0.242451,
        "nauc_map_at_1_diff1": 0.499394,
        "nauc_map_at_3_max": -0.035996,
        "nauc_map_at_3_std": 0.295019,
        "nauc_map_at_3_diff1": 0.487414,
        "nauc_map_at_5_max": -0.053806,
        "nauc_map_at_5_std": 0.293658,
        "nauc_map_at_5_diff1": 0.520437,
        "nauc_map_at_10_max": -0.057858,
        "nauc_map_at_10_std": 0.293857,
        "nauc_map_at_10_diff1": 0.512478,
        "nauc_map_at_20_max": -0.053532,
        "nauc_map_at_20_std": 0.293749,
        "nauc_map_at_20_diff1": 0.509436,
        "nauc_map_at_100_max": -0.056293,
        "nauc_map_at_100_std": 0.292942,
        "nauc_map_at_100_diff1": 0.509622,
        "nauc_map_at_1000_max": -0.056591,
        "nauc_map_at_1000_std": 0.292904,
        "nauc_map_at_1000_diff1": 0.509569,
        "nauc_recall_at_1_max": 0.023288,
        "nauc_recall_at_1_std": 0.242451,
        "nauc_recall_at_1_diff1": 0.499394,
        "nauc_recall_at_3_max": -0.10082,
        "nauc_recall_at_3_std": 0.372331,
        "nauc_recall_at_3_diff1": 0.412785,
        "nauc_recall_at_5_max": -0.186302,
        "nauc_recall_at_5_std": 0.378249,
        "nauc_recall_at_5_diff1": 0.51603,
        "nauc_recall_at_10_max": -0.250947,
        "nauc_recall_at_10_std": 0.428262,
        "nauc_recall_at_10_diff1": 0.437095,
        "nauc_recall_at_20_max": -0.175263,
        "nauc_recall_at_20_std": 0.438613,
        "nauc_recall_at_20_diff1": 0.348342,
        "nauc_recall_at_100_max": -0.275908,
        "nauc_recall_at_100_std": 0.42087,
        "nauc_recall_at_100_diff1": 0.266555,
        "nauc_recall_at_1000_max": -0.558985,
        "nauc_recall_at_1000_std": 0.567868,
        "nauc_recall_at_1000_diff1": -0.055125,
        "nauc_precision_at_1_max": 0.007501,
        "nauc_precision_at_1_std": 0.231354,
        "nauc_precision_at_1_diff1": 0.57091,
        "nauc_precision_at_3_max": -0.166001,
        "nauc_precision_at_3_std": 0.355413,
        "nauc_precision_at_3_diff1": 0.498579,
        "nauc_precision_at_5_max": -0.243231,
        "nauc_precision_at_5_std": 0.31605,
        "nauc_precision_at_5_diff1": 0.58016,
        "nauc_precision_at_10_max": -0.324422,
        "nauc_precision_at_10_std": 0.349489,
        "nauc_precision_at_10_diff1": 0.47912,
        "nauc_precision_at_20_max": -0.263115,
        "nauc_precision_at_20_std": 0.31231,
        "nauc_precision_at_20_diff1": 0.479726,
        "nauc_precision_at_100_max": -0.305166,
        "nauc_precision_at_100_std": 0.187535,
        "nauc_precision_at_100_diff1": 0.331453,
        "nauc_precision_at_1000_max": -0.350104,
        "nauc_precision_at_1000_std": -0.016078,
        "nauc_precision_at_1000_diff1": 0.108425,
        "nauc_mrr_at_1_max": 0.007501,
        "nauc_mrr_at_1_std": 0.231354,
        "nauc_mrr_at_1_diff1": 0.57091,
        "nauc_mrr_at_3_max": -0.066304,
        "nauc_mrr_at_3_std": 0.281187,
        "nauc_mrr_at_3_diff1": 0.530909,
        "nauc_mrr_at_5_max": -0.080576,
        "nauc_mrr_at_5_std": 0.283903,
        "nauc_mrr_at_5_diff1": 0.55214,
        "nauc_mrr_at_10_max": -0.08365,
        "nauc_mrr_at_10_std": 0.29356,
        "nauc_mrr_at_10_diff1": 0.544812,
        "nauc_mrr_at_20_max": -0.078397,
        "nauc_mrr_at_20_std": 0.291996,
        "nauc_mrr_at_20_diff1": 0.544855,
        "nauc_mrr_at_100_max": -0.078836,
        "nauc_mrr_at_100_std": 0.290182,
        "nauc_mrr_at_100_diff1": 0.543683,
        "nauc_mrr_at_1000_max": -0.078788,
        "nauc_mrr_at_1000_std": 0.29021,
        "nauc_mrr_at_1000_diff1": 0.543619,
        "main_score": 0.53618,
        "hf_subset": "default",
        "languages": [
          "eng-Latn"
        ]
      }
    ]
  },
  "evaluation_time": 8534.77328491211,
  "kg_co2_emissions": null
}