{
  "dataset_revision": "bea83ef9e8fb933d90a2f1d5515737465d613e12",
  "mteb_dataset_name": "FEVER",
  "mteb_version": "1.3.1",
  "test": {
    "evaluation_time": 7961.9,
    "map_at_1": 0.16461,
    "map_at_10": 0.26927,
    "map_at_100": 0.28123,
    "map_at_1000": 0.28171,
    "map_at_3": 0.23109,
    "map_at_5": 0.25406,
    "mrr_at_1": 0.17584,
    "mrr_at_10": 0.28574,
    "mrr_at_100": 0.29753,
    "mrr_at_1000": 0.2979,
    "mrr_at_3": 0.2455,
    "mrr_at_5": 0.27019,
    "ndcg_at_1": 0.17584,
    "ndcg_at_10": 0.33622,
    "ndcg_at_100": 0.39357,
    "ndcg_at_1000": 0.40721,
    "ndcg_at_3": 0.25752,
    "ndcg_at_5": 0.2993,
    "precision_at_1": 0.17584,
    "precision_at_10": 0.05815,
    "precision_at_100": 0.00883,
    "precision_at_1000": 0.00102,
    "precision_at_3": 0.11451,
    "precision_at_5": 0.09103,
    "recall_at_1": 0.16461,
    "recall_at_10": 0.53192,
    "recall_at_100": 0.79167,
    "recall_at_1000": 0.89713,
    "recall_at_3": 0.31908,
    "recall_at_5": 0.41929
  }
}