{
  "dataset_revision": "ab518f4d6fcca38d87c25209f94beba119d02014",
  "mteb_dataset_name": "HotpotQA",
  "mteb_version": "1.3.1",
  "test": {
    "evaluation_time": 4951.24,
    "map_at_1": 0.2922,
    "map_at_10": 0.43836,
    "map_at_100": 0.45061,
    "map_at_1000": 0.45168,
    "map_at_3": 0.40338,
    "map_at_5": 0.42371,
    "mrr_at_1": 0.5844,
    "mrr_at_10": 0.66711,
    "mrr_at_100": 0.67185,
    "mrr_at_1000": 0.67208,
    "mrr_at_3": 0.64919,
    "mrr_at_5": 0.66036,
    "ndcg_at_1": 0.5844,
    "ndcg_at_10": 0.52981,
    "ndcg_at_100": 0.57555,
    "ndcg_at_1000": 0.59673,
    "ndcg_at_3": 0.47428,
    "ndcg_at_5": 0.50298,
    "precision_at_1": 0.5844,
    "precision_at_10": 0.11543,
    "precision_at_100": 0.0151,
    "precision_at_1000": 0.00179,
    "precision_at_3": 0.30165,
    "precision_at_5": 0.20375,
    "recall_at_1": 0.2922,
    "recall_at_10": 0.57715,
    "recall_at_100": 0.75512,
    "recall_at_1000": 0.89471,
    "recall_at_3": 0.45247,
    "recall_at_5": 0.50938
  }
}