{
  "dataset_revision": "ab518f4d6fcca38d87c25209f94beba119d02014",
  "mteb_dataset_name": "HotpotQA",
  "mteb_version": "1.3.1",
  "test": {
    "evaluation_time": 4809.69,
    "map_at_1": 0.2796,
    "map_at_10": 0.40908,
    "map_at_100": 0.4203,
    "map_at_1000": 0.42139,
    "map_at_3": 0.37867,
    "map_at_5": 0.39611,
    "mrr_at_1": 0.5592,
    "mrr_at_10": 0.63717,
    "mrr_at_100": 0.64224,
    "mrr_at_1000": 0.64253,
    "mrr_at_3": 0.61978,
    "mrr_at_5": 0.63015,
    "ndcg_at_1": 0.5592,
    "ndcg_at_10": 0.49686,
    "ndcg_at_100": 0.54077,
    "ndcg_at_1000": 0.56399,
    "ndcg_at_3": 0.44752,
    "ndcg_at_5": 0.47246,
    "precision_at_1": 0.5592,
    "precision_at_10": 0.10704,
    "precision_at_100": 0.01417,
    "precision_at_1000": 0.00173,
    "precision_at_3": 0.28306,
    "precision_at_5": 0.18954,
    "recall_at_1": 0.2796,
    "recall_at_10": 0.53522,
    "recall_at_100": 0.7083,
    "recall_at_1000": 0.86279,
    "recall_at_3": 0.42459,
    "recall_at_5": 0.47385
  }
}