{
  "dataset_revision": "ab518f4d6fcca38d87c25209f94beba119d02014",
  "mteb_dataset_name": "HotpotQA",
  "mteb_version": "1.3.1",
  "test": {
    "evaluation_time": 4672.92,
    "map_at_1": 0.30796,
    "map_at_10": 0.51084,
    "map_at_100": 0.52036,
    "map_at_1000": 0.52099,
    "map_at_3": 0.47288,
    "map_at_5": 0.49657,
    "mrr_at_1": 0.61591,
    "mrr_at_10": 0.69473,
    "mrr_at_100": 0.69839,
    "mrr_at_1000": 0.69859,
    "mrr_at_3": 0.67957,
    "mrr_at_5": 0.68971,
    "ndcg_at_1": 0.61591,
    "ndcg_at_10": 0.59209,
    "ndcg_at_100": 0.62788,
    "ndcg_at_1000": 0.64205,
    "ndcg_at_3": 0.53555,
    "ndcg_at_5": 0.56721,
    "precision_at_1": 0.61591,
    "precision_at_10": 0.12985,
    "precision_at_100": 0.0158,
    "precision_at_1000": 0.00177,
    "precision_at_3": 0.34944,
    "precision_at_5": 0.23464,
    "recall_at_1": 0.30796,
    "recall_at_10": 0.64927,
    "recall_at_100": 0.78978,
    "recall_at_1000": 0.88473,
    "recall_at_3": 0.52417,
    "recall_at_5": 0.58661
  }
}