{
  "dataset_revision": "c22ab2a51041ffd869aaddef7af8d8215647e41a",
  "evaluation_time": 153.1313591003418,
  "kg_co2_emissions": null,
  "mteb_version": "1.13.2",
  "scores": {
    "test": [
      {
        "hf_subset": "default",
        "languages": [
          "eng-Latn"
        ],
        "main_score": 0.33823,
        "map_at_1": 0.1458,
        "map_at_10": 0.26514,
        "map_at_100": 0.28026,
        "map_at_1000": 0.28071,
        "map_at_20": 0.27489,
        "map_at_3": 0.22131,
        "map_at_5": 0.24621,
        "mrr_at_1": 0.1507823613086771,
        "mrr_at_10": 0.26690543927386007,
        "mrr_at_100": 0.28202023822392086,
        "mrr_at_1000": 0.2824738835624768,
        "mrr_at_20": 0.27668914941299605,
        "mrr_at_3": 0.22273589378852535,
        "mrr_at_5": 0.2478425794215263,
        "nauc_map_at_1000_diff1": 0.04976822067768442,
        "nauc_map_at_1000_max": 0.028341792263701194,
        "nauc_map_at_1000_std": 0.06794761305838222,
        "nauc_map_at_100_diff1": 0.04981459863533505,
        "nauc_map_at_100_max": 0.02882338087376384,
        "nauc_map_at_100_std": 0.06857393090832711,
        "nauc_map_at_10_diff1": 0.05131729952603537,
        "nauc_map_at_10_max": 0.027379400528071772,
        "nauc_map_at_10_std": 0.05935295023541637,
        "nauc_map_at_1_diff1": 0.06466408812422202,
        "nauc_map_at_1_max": -0.029948608025719498,
        "nauc_map_at_1_std": 0.052105096522938855,
        "nauc_map_at_20_diff1": 0.050352835176407276,
        "nauc_map_at_20_max": 0.03055330648110086,
        "nauc_map_at_20_std": 0.06856838314659744,
        "nauc_map_at_3_diff1": 0.04107887565734892,
        "nauc_map_at_3_max": 0.0009400538076188826,
        "nauc_map_at_3_std": 0.04341142606984202,
        "nauc_map_at_5_diff1": 0.0448257378745495,
        "nauc_map_at_5_max": 0.01624198812970402,
        "nauc_map_at_5_std": 0.055133608068615086,
        "nauc_mrr_at_1000_diff1": 0.031278995875900155,
        "nauc_mrr_at_1000_max": 0.018339625135306382,
        "nauc_mrr_at_1000_std": 0.06997522327831361,
        "nauc_mrr_at_100_diff1": 0.03135624845426532,
        "nauc_mrr_at_100_max": 0.01883406316008195,
        "nauc_mrr_at_100_std": 0.0705924545294516,
        "nauc_mrr_at_10_diff1": 0.03303317615057161,
        "nauc_mrr_at_10_max": 0.017669509304342648,
        "nauc_mrr_at_10_std": 0.06156273365108046,
        "nauc_mrr_at_1_diff1": 0.04165947935198152,
        "nauc_mrr_at_1_max": -0.034064098309237345,
        "nauc_mrr_at_1_std": 0.05965911082275525,
        "nauc_mrr_at_20_diff1": 0.03214941220072712,
        "nauc_mrr_at_20_max": 0.02079136434785416,
        "nauc_mrr_at_20_std": 0.07078606049877863,
        "nauc_mrr_at_3_diff1": 0.020364122840049,
        "nauc_mrr_at_3_max": -0.01094926082155155,
        "nauc_mrr_at_3_std": 0.04404360097724772,
        "nauc_mrr_at_5_diff1": 0.026889933825185605,
        "nauc_mrr_at_5_max": 0.006349557775210991,
        "nauc_mrr_at_5_std": 0.057500051513593935,
        "nauc_ndcg_at_1000_diff1": 0.05148031228959754,
        "nauc_ndcg_at_1000_max": 0.049777587156537684,
        "nauc_ndcg_at_1000_std": 0.0869446178069531,
        "nauc_ndcg_at_100_diff1": 0.05449368793744994,
        "nauc_ndcg_at_100_max": 0.06399063208700559,
        "nauc_ndcg_at_100_std": 0.1050671376755703,
        "nauc_ndcg_at_10_diff1": 0.0582794521915181,
        "nauc_ndcg_at_10_max": 0.05894593479197766,
        "nauc_ndcg_at_10_std": 0.07080337675382943,
        "nauc_ndcg_at_1_diff1": 0.06466408812422202,
        "nauc_ndcg_at_1_max": -0.029948608025719498,
        "nauc_ndcg_at_1_std": 0.052105096522938855,
        "nauc_ndcg_at_20_diff1": 0.056131200702981714,
        "nauc_ndcg_at_20_max": 0.07312331848969914,
        "nauc_ndcg_at_20_std": 0.10560458022875616,
        "nauc_ndcg_at_3_diff1": 0.036887564377630376,
        "nauc_ndcg_at_3_max": 0.00917333153278093,
        "nauc_ndcg_at_3_std": 0.041334092043936545,
        "nauc_ndcg_at_5_diff1": 0.042996466383235225,
        "nauc_ndcg_at_5_max": 0.03491428166395923,
        "nauc_ndcg_at_5_std": 0.06102073877528015,
        "nauc_precision_at_1000_diff1": -0.023325670372975286,
        "nauc_precision_at_1000_max": 0.41168414769177686,
        "nauc_precision_at_1000_std": 0.529251429382734,
        "nauc_precision_at_100_diff1": 0.11107166108355852,
        "nauc_precision_at_100_max": 0.361848385179696,
        "nauc_precision_at_100_std": 0.4822951129484817,
        "nauc_precision_at_10_diff1": 0.08283260072813987,
        "nauc_precision_at_10_max": 0.14837564503975767,
        "nauc_precision_at_10_std": 0.10539912218207602,
        "nauc_precision_at_1_diff1": 0.06466408812422202,
        "nauc_precision_at_1_max": -0.029948608025719498,
        "nauc_precision_at_1_std": 0.052105096522938855,
        "nauc_precision_at_20_diff1": 0.08256184488434687,
        "nauc_precision_at_20_max": 0.2369064733386247,
        "nauc_precision_at_20_std": 0.2669767125705044,
        "nauc_precision_at_3_diff1": 0.027515295782209945,
        "nauc_precision_at_3_max": 0.02858199631609846,
        "nauc_precision_at_3_std": 0.03649528586731548,
        "nauc_precision_at_5_diff1": 0.03976525998403402,
        "nauc_precision_at_5_max": 0.08099521790239782,
        "nauc_precision_at_5_std": 0.07679320347449912,
        "nauc_recall_at_1000_diff1": -0.02332567037296289,
        "nauc_recall_at_1000_max": 0.4116841476917852,
        "nauc_recall_at_1000_std": 0.5292514293827572,
        "nauc_recall_at_100_diff1": 0.11107166108355897,
        "nauc_recall_at_100_max": 0.361848385179696,
        "nauc_recall_at_100_std": 0.4822951129484799,
        "nauc_recall_at_10_diff1": 0.08283260072814029,
        "nauc_recall_at_10_max": 0.14837564503975806,
        "nauc_recall_at_10_std": 0.10539912218207634,
        "nauc_recall_at_1_diff1": 0.06466408812422202,
        "nauc_recall_at_1_max": -0.029948608025719498,
        "nauc_recall_at_1_std": 0.052105096522938855,
        "nauc_recall_at_20_diff1": 0.08256184488434687,
        "nauc_recall_at_20_max": 0.23690647333862377,
        "nauc_recall_at_20_std": 0.26697671257050404,
        "nauc_recall_at_3_diff1": 0.027515295782210136,
        "nauc_recall_at_3_max": 0.02858199631609902,
        "nauc_recall_at_3_std": 0.03649528586731562,
        "nauc_recall_at_5_diff1": 0.039765259984033935,
        "nauc_recall_at_5_max": 0.08099521790239764,
        "nauc_recall_at_5_std": 0.07679320347449904,
        "ndcg_at_1": 0.1458,
        "ndcg_at_10": 0.33823,
        "ndcg_at_100": 0.40943,
        "ndcg_at_1000": 0.42104,
        "ndcg_at_20": 0.37334,
        "ndcg_at_3": 0.2473,
        "ndcg_at_5": 0.29229,
        "precision_at_1": 0.1458,
        "precision_at_10": 0.05747,
        "precision_at_100": 0.00902,
        "precision_at_1000": 0.00099,
        "precision_at_20": 0.03563,
        "precision_at_3": 0.10763,
        "precision_at_5": 0.08649,
        "recall_at_1": 0.1458,
        "recall_at_10": 0.57468,
        "recall_at_100": 0.90185,
        "recall_at_1000": 0.99218,
        "recall_at_20": 0.71266,
        "recall_at_3": 0.3229,
        "recall_at_5": 0.43243
      }
    ]
  },
  "task_name": "ArguAna"
}