{
  "dataset_revision": "ab518f4d6fcca38d87c25209f94beba119d02014",
  "evaluation_time": 37716.340671777725,
  "kg_co2_emissions": null,
  "mteb_version": "1.13.2",
  "scores": {
    "test": [
      {
        "hf_subset": "default",
        "languages": [
          "eng-Latn"
        ],
        "main_score": 0.48018,
        "map_at_1": 0.26374,
        "map_at_10": 0.39648,
        "map_at_100": 0.40774,
        "map_at_1000": 0.40879,
        "map_at_20": 0.40301,
        "map_at_3": 0.3651,
        "map_at_5": 0.38389,
        "mrr_at_1": 0.5274814314652262,
        "mrr_at_10": 0.6049955521258702,
        "mrr_at_100": 0.6102814851293215,
        "mrr_at_1000": 0.6106079780273239,
        "mrr_at_20": 0.6080818238034199,
        "mrr_at_3": 0.5862030159801954,
        "mrr_at_5": 0.5978235426513615,
        "nauc_map_at_1000_diff1": 0.4218170978455296,
        "nauc_map_at_1000_max": 0.15980603552104794,
        "nauc_map_at_1000_std": 0.09732266865403867,
        "nauc_map_at_100_diff1": 0.42159806499383234,
        "nauc_map_at_100_max": 0.1594870849617355,
        "nauc_map_at_100_std": 0.09709726865756949,
        "nauc_map_at_10_diff1": 0.4220389168014881,
        "nauc_map_at_10_max": 0.15736714808083738,
        "nauc_map_at_10_std": 0.08886148585481234,
        "nauc_map_at_1_diff1": 0.6338566938413259,
        "nauc_map_at_1_max": 0.24146416406453317,
        "nauc_map_at_1_std": 0.04604596311212156,
        "nauc_map_at_20_diff1": 0.4213323595673497,
        "nauc_map_at_20_max": 0.15717558208422308,
        "nauc_map_at_20_std": 0.09396850849990782,
        "nauc_map_at_3_diff1": 0.43488433812368665,
        "nauc_map_at_3_max": 0.16092940727374985,
        "nauc_map_at_3_std": 0.07084259603914395,
        "nauc_map_at_5_diff1": 0.4223218066225821,
        "nauc_map_at_5_max": 0.15702096298458057,
        "nauc_map_at_5_std": 0.08000040182410344,
        "nauc_mrr_at_1000_diff1": 0.6001690968018559,
        "nauc_mrr_at_1000_max": 0.245021003374585,
        "nauc_mrr_at_1000_std": 0.07781588175318786,
        "nauc_mrr_at_100_diff1": 0.6000887375057155,
        "nauc_mrr_at_100_max": 0.24499702302636442,
        "nauc_mrr_at_100_std": 0.07800410725791992,
        "nauc_mrr_at_10_diff1": 0.6000521920832546,
        "nauc_mrr_at_10_max": 0.24486646242189544,
        "nauc_mrr_at_10_std": 0.0765109445352557,
        "nauc_mrr_at_1_diff1": 0.6338566938413259,
        "nauc_mrr_at_1_max": 0.24146416406453317,
        "nauc_mrr_at_1_std": 0.04604596311212156,
        "nauc_mrr_at_20_diff1": 0.5997016730227492,
        "nauc_mrr_at_20_max": 0.24485720664191138,
        "nauc_mrr_at_20_std": 0.07794414139858033,
        "nauc_mrr_at_3_diff1": 0.6026600401458407,
        "nauc_mrr_at_3_max": 0.24400951638272575,
        "nauc_mrr_at_3_std": 0.06631939689005051,
        "nauc_mrr_at_5_diff1": 0.5998245750536787,
        "nauc_mrr_at_5_max": 0.24464715529433706,
        "nauc_mrr_at_5_std": 0.07272387655201401,
        "nauc_ndcg_at_1000_diff1": 0.4490870536524956,
        "nauc_ndcg_at_1000_max": 0.18941735750056582,
        "nauc_ndcg_at_1000_std": 0.13641894550183883,
        "nauc_ndcg_at_100_diff1": 0.4436580975742644,
        "nauc_ndcg_at_100_max": 0.18338595075880962,
        "nauc_ndcg_at_100_std": 0.1345043017488452,
        "nauc_ndcg_at_10_diff1": 0.445989752948987,
        "nauc_ndcg_at_10_max": 0.17422255323355929,
        "nauc_ndcg_at_10_std": 0.10547254596448148,
        "nauc_ndcg_at_1_diff1": 0.6338566938413259,
        "nauc_ndcg_at_1_max": 0.24146416406453317,
        "nauc_ndcg_at_1_std": 0.04604596311212156,
        "nauc_ndcg_at_20_diff1": 0.44244854227403135,
        "nauc_ndcg_at_20_max": 0.17284914442987245,
        "nauc_ndcg_at_20_std": 0.11884232056460504,
        "nauc_ndcg_at_3_diff1": 0.46643756024258975,
        "nauc_ndcg_at_3_max": 0.1797239214664151,
        "nauc_ndcg_at_3_std": 0.07539994194396203,
        "nauc_ndcg_at_5_diff1": 0.4481897512751952,
        "nauc_ndcg_at_5_max": 0.1742661100010634,
        "nauc_ndcg_at_5_std": 0.08902044924319928,
        "nauc_precision_at_1000_diff1": 0.21070993829155865,
        "nauc_precision_at_1000_max": 0.21038048955329638,
        "nauc_precision_at_1000_std": 0.4032472297406237,
        "nauc_precision_at_100_diff1": 0.2608474529795764,
        "nauc_precision_at_100_max": 0.1547212991633869,
        "nauc_precision_at_100_std": 0.2795438188968266,
        "nauc_precision_at_10_diff1": 0.32151803693506037,
        "nauc_precision_at_10_max": 0.12820142893118586,
        "nauc_precision_at_10_std": 0.15102666776447446,
        "nauc_precision_at_1_diff1": 0.6338566938413259,
        "nauc_precision_at_1_max": 0.24146416406453317,
        "nauc_precision_at_1_std": 0.04604596311212156,
        "nauc_precision_at_20_diff1": 0.2968101985621196,
        "nauc_precision_at_20_max": 0.11815939968341711,
        "nauc_precision_at_20_std": 0.19295573480498154,
        "nauc_precision_at_3_diff1": 0.38600831448990636,
        "nauc_precision_at_3_max": 0.14798011716668272,
        "nauc_precision_at_3_std": 0.08854096731194884,
        "nauc_precision_at_5_diff1": 0.3417610754490414,
        "nauc_precision_at_5_max": 0.13374089671470993,
        "nauc_precision_at_5_std": 0.11282767959934563,
        "nauc_recall_at_1000_diff1": 0.21070993829156148,
        "nauc_recall_at_1000_max": 0.21038048955329938,
        "nauc_recall_at_1000_std": 0.4032472297406247,
        "nauc_recall_at_100_diff1": 0.26084745297957546,
        "nauc_recall_at_100_max": 0.1547212991633856,
        "nauc_recall_at_100_std": 0.2795438188968262,
        "nauc_recall_at_10_diff1": 0.32151803693506015,
        "nauc_recall_at_10_max": 0.12820142893118583,
        "nauc_recall_at_10_std": 0.15102666776447426,
        "nauc_recall_at_1_diff1": 0.6338566938413259,
        "nauc_recall_at_1_max": 0.24146416406453317,
        "nauc_recall_at_1_std": 0.04604596311212156,
        "nauc_recall_at_20_diff1": 0.2968101985621196,
        "nauc_recall_at_20_max": 0.11815939968341702,
        "nauc_recall_at_20_std": 0.19295573480498157,
        "nauc_recall_at_3_diff1": 0.3860083144899059,
        "nauc_recall_at_3_max": 0.14798011716668238,
        "nauc_recall_at_3_std": 0.08854096731194862,
        "nauc_recall_at_5_diff1": 0.3417610754490412,
        "nauc_recall_at_5_max": 0.1337408967147103,
        "nauc_recall_at_5_std": 0.11282767959934577,
        "ndcg_at_1": 0.52748,
        "ndcg_at_10": 0.48018,
        "ndcg_at_100": 0.52504,
        "ndcg_at_1000": 0.5478,
        "ndcg_at_20": 0.49822,
        "ndcg_at_3": 0.42914,
        "ndcg_at_5": 0.45625,
        "precision_at_1": 0.52748,
        "precision_at_10": 0.10477,
        "precision_at_100": 0.01403,
        "precision_at_1000": 0.00171,
        "precision_at_20": 0.0582,
        "precision_at_3": 0.27342,
        "precision_at_5": 0.18547,
        "recall_at_1": 0.26374,
        "recall_at_10": 0.52384,
        "recall_at_100": 0.70149,
        "recall_at_1000": 0.85307,
        "recall_at_20": 0.58204,
        "recall_at_3": 0.41013,
        "recall_at_5": 0.46367
      }
    ]
  },
  "task_name": "HotpotQA"
}