{
  "dataset_revision": "bea83ef9e8fb933d90a2f1d5515737465d613e12",
  "mteb_dataset_name": "FEVER",
  "mteb_version": "1.3.1",
  "test": {
    "evaluation_time": 8124.03,
    "map_at_1": 0.30857,
    "map_at_10": 0.42489,
    "map_at_100": 0.43245,
    "map_at_1000": 0.43287,
    "map_at_3": 0.39665,
    "map_at_5": 0.4133,
    "mrr_at_1": 0.33018,
    "mrr_at_10": 0.45046,
    "mrr_at_100": 0.45728,
    "mrr_at_1000": 0.45759,
    "mrr_at_3": 0.42239,
    "mrr_at_5": 0.43931,
    "ndcg_at_1": 0.33018,
    "ndcg_at_10": 0.48757,
    "ndcg_at_100": 0.52219,
    "ndcg_at_1000": 0.53344,
    "ndcg_at_3": 0.43117,
    "ndcg_at_5": 0.46043,
    "precision_at_1": 0.33018,
    "precision_at_10": 0.07163,
    "precision_at_100": 0.00902,
    "precision_at_1000": 0.00102,
    "precision_at_3": 0.18137,
    "precision_at_5": 0.12481,
    "recall_at_1": 0.30857,
    "recall_at_10": 0.65701,
    "recall_at_100": 0.81195,
    "recall_at_1000": 0.89721,
    "recall_at_3": 0.50478,
    "recall_at_5": 0.57482
  }
}