{
  "dataset_revision": "bea83ef9e8fb933d90a2f1d5515737465d613e12",
  "mteb_dataset_name": "FEVER",
  "mteb_version": "1.3.1",
  "test": {
    "evaluation_time": 7535.84,
    "map_at_1": 0.34783,
    "map_at_10": 0.44504,
    "map_at_100": 0.45304,
    "map_at_1000": 0.45336,
    "map_at_3": 0.41395,
    "map_at_5": 0.42572,
    "mrr_at_1": 0.38043,
    "mrr_at_10": 0.48582,
    "mrr_at_100": 0.49247,
    "mrr_at_1000": 0.49264,
    "mrr_at_3": 0.45471,
    "mrr_at_5": 0.4683,
    "ndcg_at_1": 0.38043,
    "ndcg_at_10": 0.50987,
    "ndcg_at_100": 0.54925,
    "ndcg_at_1000": 0.55781,
    "ndcg_at_3": 0.44601,
    "ndcg_at_5": 0.46693,
    "precision_at_1": 0.38043,
    "precision_at_10": 0.075,
    "precision_at_100": 0.00989,
    "precision_at_1000": 0.0011,
    "precision_at_3": 0.18478,
    "precision_at_5": 0.12174,
    "recall_at_1": 0.34783,
    "recall_at_10": 0.6721,
    "recall_at_100": 0.85145,
    "recall_at_1000": 0.91304,
    "recall_at_3": 0.5,
    "recall_at_5": 0.5471
  }
}