{
  "dataset_revision": "c22ab2a51041ffd869aaddef7af8d8215647e41a",
  "mteb_dataset_name": "ArguAna",
  "mteb_version": "1.8.7",
  "test": {
    "evaluation_time": 27.58,
    "map_at_1": 0.14083,
    "map_at_10": 0.2509,
    "map_at_100": 0.26617,
    "map_at_1000": 0.26672,
    "map_at_20": 0.26161,
    "map_at_3": 0.20614,
    "map_at_5": 0.23253,
    "mrr_at_1": 0.14723,
    "mrr_at_10": 0.25341,
    "mrr_at_100": 0.26854,
    "mrr_at_1000": 0.2691,
    "mrr_at_20": 0.26402,
    "mrr_at_3": 0.20851,
    "mrr_at_5": 0.23465,
    "ndcg_at_1": 0.14083,
    "ndcg_at_10": 0.32158,
    "ndcg_at_100": 0.39159,
    "ndcg_at_1000": 0.40602,
    "ndcg_at_20": 0.35977,
    "ndcg_at_3": 0.22906,
    "ndcg_at_5": 0.27686,
    "precision_at_1": 0.14083,
    "precision_at_10": 0.05512,
    "precision_at_100": 0.0087,
    "precision_at_1000": 0.00098,
    "precision_at_20": 0.03503,
    "precision_at_3": 0.09862,
    "precision_at_5": 0.0825,
    "recall_at_1": 0.14083,
    "recall_at_10": 0.55121,
    "recall_at_100": 0.86984,
    "recall_at_1000": 0.98293,
    "recall_at_20": 0.70057,
    "recall_at_3": 0.29587,
    "recall_at_5": 0.41252
  }
}