{
  "dataset_revision": "ab518f4d6fcca38d87c25209f94beba119d02014",
  "evaluation_time": 29942.86938071251,
  "kg_co2_emissions": null,
  "mteb_version": "1.13.2",
  "scores": {
    "test": [
      {
        "hf_subset": "default",
        "languages": [
          "eng-Latn"
        ],
        "main_score": 0.29257,
        "map_at_1": 0.16644,
        "map_at_10": 0.22737,
        "map_at_100": 0.23422,
        "map_at_1000": 0.23507,
        "map_at_20": 0.23108,
        "map_at_3": 0.20987,
        "map_at_5": 0.21969,
        "mrr_at_1": 0.3328831870357866,
        "mrr_at_10": 0.4002838601116799,
        "mrr_at_100": 0.40599566914182494,
        "mrr_at_1000": 0.40647620727633,
        "mrr_at_20": 0.4035504373594488,
        "mrr_at_3": 0.3838172406031971,
        "mrr_at_5": 0.393526896241279,
        "nauc_map_at_1000_diff1": 0.5036456098115873,
        "nauc_map_at_1000_max": 0.3552509574834292,
        "nauc_map_at_1000_std": 0.19101249019159455,
        "nauc_map_at_100_diff1": 0.5038283090152358,
        "nauc_map_at_100_max": 0.3550550753209728,
        "nauc_map_at_100_std": 0.190262935407845,
        "nauc_map_at_10_diff1": 0.5089856394036821,
        "nauc_map_at_10_max": 0.35716300482537106,
        "nauc_map_at_10_std": 0.1838659340760691,
        "nauc_map_at_1_diff1": 0.6106432196380153,
        "nauc_map_at_1_max": 0.3744493087868398,
        "nauc_map_at_1_std": 0.14361310731039598,
        "nauc_map_at_20_diff1": 0.5056081315823889,
        "nauc_map_at_20_max": 0.3553681516490006,
        "nauc_map_at_20_std": 0.18728355680798514,
        "nauc_map_at_3_diff1": 0.5293341022413874,
        "nauc_map_at_3_max": 0.36549665372347745,
        "nauc_map_at_3_std": 0.17106756766649914,
        "nauc_map_at_5_diff1": 0.5167086171579578,
        "nauc_map_at_5_max": 0.3601978174967708,
        "nauc_map_at_5_std": 0.17789743297967933,
        "nauc_mrr_at_1000_diff1": 0.5612105794930602,
        "nauc_mrr_at_1000_max": 0.37844680209226556,
        "nauc_mrr_at_1000_std": 0.1845072407080947,
        "nauc_mrr_at_100_diff1": 0.5611184196592851,
        "nauc_mrr_at_100_max": 0.3783670215853599,
        "nauc_mrr_at_100_std": 0.18445133654241766,
        "nauc_mrr_at_10_diff1": 0.5624980407597968,
        "nauc_mrr_at_10_max": 0.3784757335549245,
        "nauc_mrr_at_10_std": 0.1812518744306917,
        "nauc_mrr_at_1_diff1": 0.6106432196380153,
        "nauc_mrr_at_1_max": 0.3744493087868398,
        "nauc_mrr_at_1_std": 0.14361310731039598,
        "nauc_mrr_at_20_diff1": 0.5615928401118816,
        "nauc_mrr_at_20_max": 0.3780592210796534,
        "nauc_mrr_at_20_std": 0.1833036006099393,
        "nauc_mrr_at_3_diff1": 0.5699320048967998,
        "nauc_mrr_at_3_max": 0.3793998051172976,
        "nauc_mrr_at_3_std": 0.16927695287345176,
        "nauc_mrr_at_5_diff1": 0.5646522039364362,
        "nauc_mrr_at_5_max": 0.3781677219620811,
        "nauc_mrr_at_5_std": 0.1755667078364863,
        "nauc_ndcg_at_1000_diff1": 0.4823428731656118,
        "nauc_ndcg_at_1000_max": 0.35990015992834273,
        "nauc_ndcg_at_1000_std": 0.23844520466167696,
        "nauc_ndcg_at_100_diff1": 0.48537526842964934,
        "nauc_ndcg_at_100_max": 0.3562662141247757,
        "nauc_ndcg_at_100_std": 0.22690142089767712,
        "nauc_ndcg_at_10_diff1": 0.5021042967191869,
        "nauc_ndcg_at_10_max": 0.36110071624010515,
        "nauc_ndcg_at_10_std": 0.20250363319248757,
        "nauc_ndcg_at_1_diff1": 0.6106432196380153,
        "nauc_ndcg_at_1_max": 0.3744493087868398,
        "nauc_ndcg_at_1_std": 0.14361310731039598,
        "nauc_ndcg_at_20_diff1": 0.49368045262686033,
        "nauc_ndcg_at_20_max": 0.3566782483154582,
        "nauc_ndcg_at_20_std": 0.21189887410308286,
        "nauc_ndcg_at_3_diff1": 0.531379734164886,
        "nauc_ndcg_at_3_max": 0.37170305253661595,
        "nauc_ndcg_at_3_std": 0.17825957710071122,
        "nauc_ndcg_at_5_diff1": 0.5146105687075219,
        "nauc_ndcg_at_5_max": 0.3650832124234578,
        "nauc_ndcg_at_5_std": 0.18938281823801972,
        "nauc_precision_at_1000_diff1": 0.23246873453075337,
        "nauc_precision_at_1000_max": 0.2650286896119035,
        "nauc_precision_at_1000_std": 0.3528182849126989,
        "nauc_precision_at_100_diff1": 0.2898106380852119,
        "nauc_precision_at_100_max": 0.2696367660882608,
        "nauc_precision_at_100_std": 0.29711446637742045,
        "nauc_precision_at_10_diff1": 0.38796121995367344,
        "nauc_precision_at_10_max": 0.3184155263341486,
        "nauc_precision_at_10_std": 0.23689070561597064,
        "nauc_precision_at_1_diff1": 0.6106432196380153,
        "nauc_precision_at_1_max": 0.3744493087868398,
        "nauc_precision_at_1_std": 0.14361310731039598,
        "nauc_precision_at_20_diff1": 0.35460373312865084,
        "nauc_precision_at_20_max": 0.2979265963084589,
        "nauc_precision_at_20_std": 0.2597562700568519,
        "nauc_precision_at_3_diff1": 0.4820680936060148,
        "nauc_precision_at_3_max": 0.36689470185197187,
        "nauc_precision_at_3_std": 0.19708577502773147,
        "nauc_precision_at_5_diff1": 0.43621964783024947,
        "nauc_precision_at_5_max": 0.3433332019429678,
        "nauc_precision_at_5_std": 0.21473997451353455,
        "nauc_recall_at_1000_diff1": 0.2324687345307535,
        "nauc_recall_at_1000_max": 0.2650286896119044,
        "nauc_recall_at_1000_std": 0.35281828491269956,
        "nauc_recall_at_100_diff1": 0.2898106380852112,
        "nauc_recall_at_100_max": 0.2696367660882601,
        "nauc_recall_at_100_std": 0.29711446637741984,
        "nauc_recall_at_10_diff1": 0.38796121995367355,
        "nauc_recall_at_10_max": 0.31841552633414877,
        "nauc_recall_at_10_std": 0.23689070561597078,
        "nauc_recall_at_1_diff1": 0.6106432196380153,
        "nauc_recall_at_1_max": 0.3744493087868398,
        "nauc_recall_at_1_std": 0.14361310731039598,
        "nauc_recall_at_20_diff1": 0.354603733128651,
        "nauc_recall_at_20_max": 0.2979265963084585,
        "nauc_recall_at_20_std": 0.2597562700568522,
        "nauc_recall_at_3_diff1": 0.48206809360601455,
        "nauc_recall_at_3_max": 0.3668947018519717,
        "nauc_recall_at_3_std": 0.1970857750277313,
        "nauc_recall_at_5_diff1": 0.43621964783024963,
        "nauc_recall_at_5_max": 0.34333320194296785,
        "nauc_recall_at_5_std": 0.21473997451353433,
        "ndcg_at_1": 0.33288,
        "ndcg_at_10": 0.29257,
        "ndcg_at_100": 0.32455,
        "ndcg_at_1000": 0.34562,
        "ndcg_at_20": 0.3045,
        "ndcg_at_3": 0.25993,
        "ndcg_at_5": 0.27612,
        "precision_at_1": 0.33288,
        "precision_at_10": 0.0635,
        "precision_at_100": 0.0089,
        "precision_at_1000": 0.00117,
        "precision_at_20": 0.0356,
        "precision_at_3": 0.16264,
        "precision_at_5": 0.11038,
        "recall_at_1": 0.16644,
        "recall_at_10": 0.31749,
        "recall_at_100": 0.44524,
        "recall_at_1000": 0.58643,
        "recall_at_20": 0.35598,
        "recall_at_3": 0.24396,
        "recall_at_5": 0.27596
      }
    ]
  },
  "task_name": "HotpotQA"
}