{
  "dataset_revision": "c22ab2a51041ffd869aaddef7af8d8215647e41a",
  "mteb_dataset_name": "ArguAna",
  "mteb_version": "1.8.7",
  "test": {
    "evaluation_time": 8.59,
    "map_at_1": 0.25605,
    "map_at_10": 0.41165,
    "map_at_100": 0.4223,
    "map_at_1000": 0.42241,
    "map_at_20": 0.42009,
    "map_at_3": 0.35965,
    "map_at_5": 0.38981,
    "mrr_at_1": 0.26529,
    "mrr_at_10": 0.41518,
    "mrr_at_100": 0.42588,
    "mrr_at_1000": 0.42599,
    "mrr_at_20": 0.42364,
    "mrr_at_3": 0.36273,
    "mrr_at_5": 0.39328,
    "ndcg_at_1": 0.25605,
    "ndcg_at_10": 0.50167,
    "ndcg_at_100": 0.54534,
    "ndcg_at_1000": 0.54772,
    "ndcg_at_20": 0.53159,
    "ndcg_at_3": 0.39434,
    "ndcg_at_5": 0.44876,
    "precision_at_1": 0.25605,
    "precision_at_10": 0.07909,
    "precision_at_100": 0.00977,
    "precision_at_1000": 0.001,
    "precision_at_20": 0.04538,
    "precision_at_3": 0.16501,
    "precision_at_5": 0.12546,
    "recall_at_1": 0.25605,
    "recall_at_10": 0.7909,
    "recall_at_100": 0.97724,
    "recall_at_1000": 0.99502,
    "recall_at_20": 0.90754,
    "recall_at_3": 0.49502,
    "recall_at_5": 0.62731
  }
}