{
  "dataset_revision": "ab518f4d6fcca38d87c25209f94beba119d02014",
  "mteb_dataset_name": "HotpotQA",
  "mteb_version": "1.3.1",
  "test": {
    "evaluation_time": 4662.5,
    "map_at_1": 0.26772,
    "map_at_10": 0.39627,
    "map_at_100": 0.40686,
    "map_at_1000": 0.40798,
    "map_at_3": 0.36344,
    "map_at_5": 0.38314,
    "mrr_at_1": 0.53544,
    "mrr_at_10": 0.61229,
    "mrr_at_100": 0.61732,
    "mrr_at_1000": 0.61768,
    "mrr_at_3": 0.59248,
    "mrr_at_5": 0.60486,
    "ndcg_at_1": 0.53544,
    "ndcg_at_10": 0.48244,
    "ndcg_at_100": 0.52609,
    "ndcg_at_1000": 0.54966,
    "ndcg_at_3": 0.42891,
    "ndcg_at_5": 0.45756,
    "precision_at_1": 0.53544,
    "precision_at_10": 0.10532,
    "precision_at_100": 0.01404,
    "precision_at_1000": 0.00172,
    "precision_at_3": 0.27154,
    "precision_at_5": 0.18565,
    "recall_at_1": 0.26772,
    "recall_at_10": 0.52658,
    "recall_at_100": 0.70182,
    "recall_at_1000": 0.85782,
    "recall_at_3": 0.4073,
    "recall_at_5": 0.46413
  }
}