{
  "dataset_revision": "bea83ef9e8fb933d90a2f1d5515737465d613e12",
  "mteb_dataset_name": "FEVER",
  "mteb_version": "1.3.1",
  "test": {
    "evaluation_time": 7619.83,
    "map_at_1": 0.30952,
    "map_at_10": 0.42704,
    "map_at_100": 0.4337,
    "map_at_1000": 0.43422,
    "map_at_3": 0.39782,
    "map_at_5": 0.41121,
    "mrr_at_1": 0.33929,
    "mrr_at_10": 0.46874,
    "mrr_at_100": 0.47444,
    "mrr_at_1000": 0.47468,
    "mrr_at_3": 0.43849,
    "mrr_at_5": 0.45337,
    "ndcg_at_1": 0.33929,
    "ndcg_at_10": 0.49682,
    "ndcg_at_100": 0.52883,
    "ndcg_at_1000": 0.54024,
    "ndcg_at_3": 0.43549,
    "ndcg_at_5": 0.4598,
    "precision_at_1": 0.33929,
    "precision_at_10": 0.0756,
    "precision_at_100": 0.00952,
    "precision_at_1000": 0.00108,
    "precision_at_3": 0.18651,
    "precision_at_5": 0.12619,
    "recall_at_1": 0.30952,
    "recall_at_10": 0.67113,
    "recall_at_100": 0.81597,
    "recall_at_1000": 0.89732,
    "recall_at_3": 0.50446,
    "recall_at_5": 0.56101
  }
}