{
  "dataset_revision": "bea83ef9e8fb933d90a2f1d5515737465d613e12",
  "task_name": "FEVER",
  "mteb_version": "1.34.14",
  "scores": {
    "test": [
      {
        "ndcg_at_1": 0.4486,
        "ndcg_at_3": 0.53084,
        "ndcg_at_5": 0.55468,
        "ndcg_at_10": 0.57034,
        "ndcg_at_20": 0.58637,
        "ndcg_at_100": 0.61253,
        "ndcg_at_1000": 0.62296,
        "map_at_1": 0.41776,
        "map_at_3": 0.49642,
        "map_at_5": 0.51044,
        "map_at_10": 0.51761,
        "map_at_20": 0.52253,
        "map_at_100": 0.5266,
        "map_at_1000": 0.52703,
        "recall_at_1": 0.41776,
        "recall_at_3": 0.59533,
        "recall_at_5": 0.6514,
        "recall_at_10": 0.69813,
        "recall_at_20": 0.75888,
        "recall_at_100": 0.88972,
        "recall_at_1000": 0.96511,
        "precision_at_1": 0.4486,
        "precision_at_3": 0.21184,
        "precision_at_5": 0.14019,
        "precision_at_10": 0.0757,
        "precision_at_20": 0.04112,
        "precision_at_100": 0.00972,
        "precision_at_1000": 0.00109,
        "mrr_at_1": 0.448598,
        "mrr_at_3": 0.531153,
        "mrr_at_5": 0.547508,
        "mrr_at_10": 0.552607,
        "mrr_at_20": 0.556743,
        "mrr_at_100": 0.561055,
        "mrr_at_1000": 0.561305,
        "nauc_ndcg_at_1_max": 0.189094,
        "nauc_ndcg_at_1_std": 0.054316,
        "nauc_ndcg_at_1_diff1": 0.567502,
        "nauc_ndcg_at_3_max": 0.223362,
        "nauc_ndcg_at_3_std": 0.081659,
        "nauc_ndcg_at_3_diff1": 0.456155,
        "nauc_ndcg_at_5_max": 0.224049,
        "nauc_ndcg_at_5_std": 0.123546,
        "nauc_ndcg_at_5_diff1": 0.436443,
        "nauc_ndcg_at_10_max": 0.259171,
        "nauc_ndcg_at_10_std": 0.168831,
        "nauc_ndcg_at_10_diff1": 0.416512,
        "nauc_ndcg_at_20_max": 0.299633,
        "nauc_ndcg_at_20_std": 0.158751,
        "nauc_ndcg_at_20_diff1": 0.411584,
        "nauc_ndcg_at_100_max": 0.269974,
        "nauc_ndcg_at_100_std": 0.149393,
        "nauc_ndcg_at_100_diff1": 0.418562,
        "nauc_ndcg_at_1000_max": 0.266227,
        "nauc_ndcg_at_1000_std": 0.1364,
        "nauc_ndcg_at_1000_diff1": 0.436051,
        "nauc_map_at_1_max": 0.212455,
        "nauc_map_at_1_std": 0.085791,
        "nauc_map_at_1_diff1": 0.573973,
        "nauc_map_at_3_max": 0.225225,
        "nauc_map_at_3_std": 0.086257,
        "nauc_map_at_3_diff1": 0.489405,
        "nauc_map_at_5_max": 0.222175,
        "nauc_map_at_5_std": 0.109873,
        "nauc_map_at_5_diff1": 0.478616,
        "nauc_map_at_10_max": 0.236151,
        "nauc_map_at_10_std": 0.126443,
        "nauc_map_at_10_diff1": 0.470777,
        "nauc_map_at_20_max": 0.248073,
        "nauc_map_at_20_std": 0.122695,
        "nauc_map_at_20_diff1": 0.470063,
        "nauc_map_at_100_max": 0.243614,
        "nauc_map_at_100_std": 0.121504,
        "nauc_map_at_100_diff1": 0.470616,
        "nauc_map_at_1000_max": 0.243731,
        "nauc_map_at_1000_std": 0.121062,
        "nauc_map_at_1000_diff1": 0.471458,
        "nauc_recall_at_1_max": 0.212455,
        "nauc_recall_at_1_std": 0.085791,
        "nauc_recall_at_1_diff1": 0.573973,
        "nauc_recall_at_3_max": 0.243948,
        "nauc_recall_at_3_std": 0.101163,
        "nauc_recall_at_3_diff1": 0.350238,
        "nauc_recall_at_5_max": 0.228819,
        "nauc_recall_at_5_std": 0.210117,
        "nauc_recall_at_5_diff1": 0.280956,
        "nauc_recall_at_10_max": 0.355317,
        "nauc_recall_at_10_std": 0.385139,
        "nauc_recall_at_10_diff1": 0.192901,
        "nauc_recall_at_20_max": 0.567971,
        "nauc_recall_at_20_std": 0.37668,
        "nauc_recall_at_20_diff1": 0.120463,
        "nauc_recall_at_100_max": 0.469266,
        "nauc_recall_at_100_std": 0.446483,
        "nauc_recall_at_100_diff1": -0.07749,
        "nauc_recall_at_1000_max": 0.718021,
        "nauc_recall_at_1000_std": 0.358681,
        "nauc_recall_at_1000_diff1": -0.058132,
        "nauc_precision_at_1_max": 0.189094,
        "nauc_precision_at_1_std": 0.054316,
        "nauc_precision_at_1_diff1": 0.567502,
        "nauc_precision_at_3_max": 0.226813,
        "nauc_precision_at_3_std": 0.05992,
        "nauc_precision_at_3_diff1": 0.346808,
        "nauc_precision_at_5_max": 0.24735,
        "nauc_precision_at_5_std": 0.165187,
        "nauc_precision_at_5_diff1": 0.282628,
        "nauc_precision_at_10_max": 0.340965,
        "nauc_precision_at_10_std": 0.287023,
        "nauc_precision_at_10_diff1": 0.145798,
        "nauc_precision_at_20_max": 0.518287,
        "nauc_precision_at_20_std": 0.235948,
        "nauc_precision_at_20_diff1": 0.059935,
        "nauc_precision_at_100_max": 0.302595,
        "nauc_precision_at_100_std": 0.14938,
        "nauc_precision_at_100_diff1": -0.161398,
        "nauc_precision_at_1000_max": -0.063985,
        "nauc_precision_at_1000_std": -0.147367,
        "nauc_precision_at_1000_diff1": -0.145003,
        "nauc_mrr_at_1_max": 0.189094,
        "nauc_mrr_at_1_std": 0.054316,
        "nauc_mrr_at_1_diff1": 0.567502,
        "nauc_mrr_at_3_max": 0.199533,
        "nauc_mrr_at_3_std": 0.05081,
        "nauc_mrr_at_3_diff1": 0.47966,
        "nauc_mrr_at_5_max": 0.20288,
        "nauc_mrr_at_5_std": 0.071649,
        "nauc_mrr_at_5_diff1": 0.470539,
        "nauc_mrr_at_10_max": 0.216652,
        "nauc_mrr_at_10_std": 0.092153,
        "nauc_mrr_at_10_diff1": 0.464698,
        "nauc_mrr_at_20_max": 0.226863,
        "nauc_mrr_at_20_std": 0.088713,
        "nauc_mrr_at_20_diff1": 0.463525,
        "nauc_mrr_at_100_max": 0.221423,
        "nauc_mrr_at_100_std": 0.087355,
        "nauc_mrr_at_100_diff1": 0.465106,
        "nauc_mrr_at_1000_max": 0.221419,
        "nauc_mrr_at_1000_std": 0.086995,
        "nauc_mrr_at_1000_diff1": 0.465686,
        "main_score": 0.57034,
        "hf_subset": "default",
        "languages": [
          "eng-Latn"
        ]
      }
    ]
  },
  "evaluation_time": 7427.789666652679,
  "kg_co2_emissions": null
}