{
  "dataset_revision": "bea83ef9e8fb933d90a2f1d5515737465d613e12",
  "task_name": "FEVER",
  "mteb_version": "1.34.14",
  "scores": {
    "test": [
      {
        "ndcg_at_1": 0.45833,
        "ndcg_at_3": 0.57888,
        "ndcg_at_5": 0.60699,
        "ndcg_at_10": 0.62494,
        "ndcg_at_20": 0.63299,
        "ndcg_at_100": 0.65753,
        "ndcg_at_1000": 0.66546,
        "map_at_1": 0.43229,
        "map_at_3": 0.53848,
        "map_at_5": 0.5548,
        "map_at_10": 0.56294,
        "map_at_20": 0.56523,
        "map_at_100": 0.56929,
        "map_at_1000": 0.56961,
        "recall_at_1": 0.43229,
        "recall_at_3": 0.6684,
        "recall_at_5": 0.73438,
        "recall_at_10": 0.78646,
        "recall_at_20": 0.81771,
        "recall_at_100": 0.93924,
        "recall_at_1000": 1.0,
        "precision_at_1": 0.45833,
        "precision_at_3": 0.23958,
        "precision_at_5": 0.15833,
        "precision_at_10": 0.08542,
        "precision_at_20": 0.04427,
        "precision_at_100": 0.01042,
        "precision_at_1000": 0.00113,
        "mrr_at_1": 0.458333,
        "mrr_at_3": 0.567708,
        "mrr_at_5": 0.582292,
        "mrr_at_10": 0.589348,
        "mrr_at_20": 0.59163,
        "mrr_at_100": 0.594496,
        "mrr_at_1000": 0.594621,
        "nauc_ndcg_at_1_max": 0.110267,
        "nauc_ndcg_at_1_std": 0.201144,
        "nauc_ndcg_at_1_diff1": 0.407776,
        "nauc_ndcg_at_3_max": 0.118135,
        "nauc_ndcg_at_3_std": 0.124482,
        "nauc_ndcg_at_3_diff1": 0.294674,
        "nauc_ndcg_at_5_max": 0.145737,
        "nauc_ndcg_at_5_std": 0.093575,
        "nauc_ndcg_at_5_diff1": 0.331474,
        "nauc_ndcg_at_10_max": 0.152475,
        "nauc_ndcg_at_10_std": 0.127272,
        "nauc_ndcg_at_10_diff1": 0.321972,
        "nauc_ndcg_at_20_max": 0.161043,
        "nauc_ndcg_at_20_std": 0.116391,
        "nauc_ndcg_at_20_diff1": 0.325186,
        "nauc_ndcg_at_100_max": 0.160136,
        "nauc_ndcg_at_100_std": 0.125408,
        "nauc_ndcg_at_100_diff1": 0.334319,
        "nauc_ndcg_at_1000_max": 0.15161,
        "nauc_ndcg_at_1000_std": 0.129773,
        "nauc_ndcg_at_1000_diff1": 0.334295,
        "nauc_map_at_1_max": 0.132118,
        "nauc_map_at_1_std": 0.211856,
        "nauc_map_at_1_diff1": 0.361557,
        "nauc_map_at_3_max": 0.130834,
        "nauc_map_at_3_std": 0.144383,
        "nauc_map_at_3_diff1": 0.321975,
        "nauc_map_at_5_max": 0.146968,
        "nauc_map_at_5_std": 0.13225,
        "nauc_map_at_5_diff1": 0.339948,
        "nauc_map_at_10_max": 0.150363,
        "nauc_map_at_10_std": 0.141549,
        "nauc_map_at_10_diff1": 0.336255,
        "nauc_map_at_20_max": 0.152866,
        "nauc_map_at_20_std": 0.138971,
        "nauc_map_at_20_diff1": 0.337245,
        "nauc_map_at_100_max": 0.151557,
        "nauc_map_at_100_std": 0.13963,
        "nauc_map_at_100_diff1": 0.338976,
        "nauc_map_at_1000_max": 0.151523,
        "nauc_map_at_1000_std": 0.140178,
        "nauc_map_at_1000_diff1": 0.338802,
        "nauc_recall_at_1_max": 0.132118,
        "nauc_recall_at_1_std": 0.211856,
        "nauc_recall_at_1_diff1": 0.361557,
        "nauc_recall_at_3_max": 0.113186,
        "nauc_recall_at_3_std": 0.061979,
        "nauc_recall_at_3_diff1": 0.18284,
        "nauc_recall_at_5_max": 0.183887,
        "nauc_recall_at_5_std": -0.053684,
        "nauc_recall_at_5_diff1": 0.273766,
        "nauc_recall_at_10_max": 0.203357,
        "nauc_recall_at_10_std": 0.073139,
        "nauc_recall_at_10_diff1": 0.221453,
        "nauc_recall_at_20_max": 0.255142,
        "nauc_recall_at_20_std": -0.002648,
        "nauc_recall_at_20_diff1": 0.220525,
        "nauc_recall_at_100_max": 0.465003,
        "nauc_recall_at_100_std": 0.043458,
        "nauc_recall_at_100_diff1": 0.25491,
        "nauc_recall_at_1000_max": NaN,
        "nauc_recall_at_1000_std": NaN,
        "nauc_recall_at_1000_diff1": NaN,
        "nauc_precision_at_1_max": 0.110267,
        "nauc_precision_at_1_std": 0.201144,
        "nauc_precision_at_1_diff1": 0.407776,
        "nauc_precision_at_3_max": 0.112086,
        "nauc_precision_at_3_std": 0.047764,
        "nauc_precision_at_3_diff1": 0.203198,
        "nauc_precision_at_5_max": 0.177936,
        "nauc_precision_at_5_std": -0.019722,
        "nauc_precision_at_5_diff1": 0.256958,
        "nauc_precision_at_10_max": 0.21244,
        "nauc_precision_at_10_std": 0.110021,
        "nauc_precision_at_10_diff1": 0.155031,
        "nauc_precision_at_20_max": 0.261647,
        "nauc_precision_at_20_std": 0.049397,
        "nauc_precision_at_20_diff1": 0.147544,
        "nauc_precision_at_100_max": 0.125153,
        "nauc_precision_at_100_std": 0.025691,
        "nauc_precision_at_100_diff1": 0.023113,
        "nauc_precision_at_1000_max": 0.001662,
        "nauc_precision_at_1000_std": 0.013636,
        "nauc_precision_at_1000_diff1": -0.100563,
        "nauc_mrr_at_1_max": 0.110267,
        "nauc_mrr_at_1_std": 0.201144,
        "nauc_mrr_at_1_diff1": 0.407776,
        "nauc_mrr_at_3_max": 0.089841,
        "nauc_mrr_at_3_std": 0.136471,
        "nauc_mrr_at_3_diff1": 0.335393,
        "nauc_mrr_at_5_max": 0.103425,
        "nauc_mrr_at_5_std": 0.113429,
        "nauc_mrr_at_5_diff1": 0.358058,
        "nauc_mrr_at_10_max": 0.107501,
        "nauc_mrr_at_10_std": 0.129223,
        "nauc_mrr_at_10_diff1": 0.356999,
        "nauc_mrr_at_20_max": 0.109767,
        "nauc_mrr_at_20_std": 0.12651,
        "nauc_mrr_at_20_diff1": 0.358149,
        "nauc_mrr_at_100_max": 0.111198,
        "nauc_mrr_at_100_std": 0.127628,
        "nauc_mrr_at_100_diff1": 0.358771,
        "nauc_mrr_at_1000_max": 0.11086,
        "nauc_mrr_at_1000_std": 0.127624,
        "nauc_mrr_at_1000_diff1": 0.358787,
        "main_score": 0.62494,
        "hf_subset": "default",
        "languages": [
          "eng-Latn"
        ]
      }
    ]
  },
  "evaluation_time": 7473.851758956909,
  "kg_co2_emissions": null
}