{
  "dataset_revision": "bea83ef9e8fb933d90a2f1d5515737465d613e12",
  "mteb_dataset_name": "FEVER",
  "mteb_version": "1.3.1",
  "test": {
    "evaluation_time": 7984.74,
    "map_at_1": 0.26117,
    "map_at_10": 0.3788,
    "map_at_100": 0.38763,
    "map_at_1000": 0.38803,
    "map_at_3": 0.34685,
    "map_at_5": 0.36577,
    "mrr_at_1": 0.27763,
    "mrr_at_10": 0.39772,
    "mrr_at_100": 0.40596,
    "mrr_at_1000": 0.40633,
    "mrr_at_3": 0.36584,
    "mrr_at_5": 0.38465,
    "ndcg_at_1": 0.27763,
    "ndcg_at_10": 0.44398,
    "ndcg_at_100": 0.48433,
    "ndcg_at_1000": 0.4954,
    "ndcg_at_3": 0.37953,
    "ndcg_at_5": 0.41301,
    "precision_at_1": 0.27763,
    "precision_at_10": 0.06788,
    "precision_at_100": 0.00894,
    "precision_at_1000": 0.001,
    "precision_at_3": 0.16226,
    "precision_at_5": 0.11522,
    "recall_at_1": 0.26117,
    "recall_at_10": 0.62935,
    "recall_at_100": 0.80897,
    "recall_at_1000": 0.8942,
    "recall_at_3": 0.45466,
    "recall_at_5": 0.53567
  }
}