{
  "dataset_revision": "bea83ef9e8fb933d90a2f1d5515737465d613e12",
  "mteb_dataset_name": "FEVER",
  "mteb_version": "1.3.1",
  "test": {
    "evaluation_time": 8721.83,
    "map_at_1": 0.24949,
    "map_at_10": 0.36192,
    "map_at_100": 0.37146,
    "map_at_1000": 0.37189,
    "map_at_3": 0.32899,
    "map_at_5": 0.34846,
    "mrr_at_1": 0.26673,
    "mrr_at_10": 0.38259,
    "mrr_at_100": 0.39164,
    "mrr_at_1000": 0.39199,
    "mrr_at_3": 0.34903,
    "mrr_at_5": 0.3691,
    "ndcg_at_1": 0.26673,
    "ndcg_at_10": 0.42691,
    "ndcg_at_100": 0.47167,
    "ndcg_at_1000": 0.48329,
    "ndcg_at_3": 0.36004,
    "ndcg_at_5": 0.39486,
    "precision_at_1": 0.26673,
    "precision_at_10": 0.0664,
    "precision_at_100": 0.00904,
    "precision_at_1000": 0.00102,
    "precision_at_3": 0.15427,
    "precision_at_5": 0.11104,
    "recall_at_1": 0.24949,
    "recall_at_10": 0.61001,
    "recall_at_100": 0.81116,
    "recall_at_1000": 0.8999,
    "recall_at_3": 0.42972,
    "recall_at_5": 0.51323
  }
}