{
  "dataset_revision": "56a6d0140cf6356659e2a7c1413286a774468d44",
  "mteb_dataset_name": "SCIDOCS",
  "mteb_version": "1.3.1",
  "test": {
    "evaluation_time": 1673.46,
    "map_at_1": 0.0,
    "map_at_10": 7e-05,
    "map_at_100": 0.0002,
    "map_at_1000": 0.00051,
    "map_at_3": 0.0,
    "map_at_5": 4e-05,
    "mrr_at_1": 0.0,
    "mrr_at_10": 0.00064,
    "mrr_at_100": 0.00138,
    "mrr_at_1000": 0.00224,
    "mrr_at_3": 0.0005,
    "mrr_at_5": 0.0005,
    "ndcg_at_1": 0.0,
    "ndcg_at_10": 0.00024,
    "ndcg_at_100": 0.002,
    "ndcg_at_1000": 0.02394,
    "ndcg_at_3": 0.0,
    "ndcg_at_5": 0.00013,
    "precision_at_1": 0.0,
    "precision_at_10": 0.0002,
    "precision_at_100": 0.00031,
    "precision_at_1000": 0.00062,
    "precision_at_3": 0.0,
    "precision_at_5": 0.0002,
    "recall_at_1": 0.0,
    "recall_at_10": 0.0004,
    "recall_at_100": 0.0062,
    "recall_at_1000": 0.12567,
    "recall_at_3": 0.0,
    "recall_at_5": 0.0002
  }
}