{
  "dataset_revision": "bea83ef9e8fb933d90a2f1d5515737465d613e12",
  "mteb_dataset_name": "FEVER",
  "mteb_version": "1.3.1",
  "test": {
    "evaluation_time": 7832.74,
    "map_at_1": 0.3166,
    "map_at_10": 0.42871,
    "map_at_100": 0.4361,
    "map_at_1000": 0.4365,
    "map_at_3": 0.39981,
    "map_at_5": 0.41669,
    "mrr_at_1": 0.33643,
    "mrr_at_10": 0.45038,
    "mrr_at_100": 0.45734,
    "mrr_at_1000": 0.45766,
    "mrr_at_3": 0.42166,
    "mrr_at_5": 0.43895,
    "ndcg_at_1": 0.33643,
    "ndcg_at_10": 0.48961,
    "ndcg_at_100": 0.52301,
    "ndcg_at_1000": 0.534,
    "ndcg_at_3": 0.43133,
    "ndcg_at_5": 0.4612,
    "precision_at_1": 0.33643,
    "precision_at_10": 0.07105,
    "precision_at_100": 0.00885,
    "precision_at_1000": 0.001,
    "precision_at_3": 0.17802,
    "precision_at_5": 0.12289,
    "recall_at_1": 0.3166,
    "recall_at_10": 0.65869,
    "recall_at_100": 0.80708,
    "recall_at_1000": 0.89104,
    "recall_at_3": 0.50062,
    "recall_at_5": 0.57202
  }
}