{
  "dataset_revision": "bea83ef9e8fb933d90a2f1d5515737465d613e12",
  "task_name": "FEVER",
  "mteb_version": "1.34.14",
  "scores": {
    "test": [
      {
        "ndcg_at_1": 0.33696,
        "ndcg_at_3": 0.46676,
        "ndcg_at_5": 0.49992,
        "ndcg_at_10": 0.52124,
        "ndcg_at_20": 0.53238,
        "ndcg_at_100": 0.55596,
        "ndcg_at_1000": 0.56469,
        "map_at_1": 0.33152,
        "map_at_3": 0.42754,
        "map_at_5": 0.44466,
        "map_at_10": 0.45283,
        "map_at_20": 0.45689,
        "map_at_100": 0.46127,
        "map_at_1000": 0.46162,
        "recall_at_1": 0.33152,
        "recall_at_3": 0.55797,
        "recall_at_5": 0.63406,
        "recall_at_10": 0.69928,
        "recall_at_20": 0.73732,
        "recall_at_100": 0.84783,
        "recall_at_1000": 0.91304,
        "precision_at_1": 0.33696,
        "precision_at_3": 0.19928,
        "precision_at_5": 0.13913,
        "precision_at_10": 0.07717,
        "precision_at_20": 0.04185,
        "precision_at_100": 0.01,
        "precision_at_1000": 0.00109,
        "mrr_at_1": 0.336957,
        "mrr_at_3": 0.449275,
        "mrr_at_5": 0.471558,
        "mrr_at_10": 0.480957,
        "mrr_at_20": 0.482587,
        "mrr_at_100": 0.485092,
        "mrr_at_1000": 0.485313,
        "nauc_ndcg_at_1_max": 0.315365,
        "nauc_ndcg_at_1_std": 0.165965,
        "nauc_ndcg_at_1_diff1": 0.316333,
        "nauc_ndcg_at_3_max": 0.331577,
        "nauc_ndcg_at_3_std": 0.255693,
        "nauc_ndcg_at_3_diff1": 0.145411,
        "nauc_ndcg_at_5_max": 0.340068,
        "nauc_ndcg_at_5_std": 0.291916,
        "nauc_ndcg_at_5_diff1": 0.180099,
        "nauc_ndcg_at_10_max": 0.368152,
        "nauc_ndcg_at_10_std": 0.269574,
        "nauc_ndcg_at_10_diff1": 0.184171,
        "nauc_ndcg_at_20_max": 0.367503,
        "nauc_ndcg_at_20_std": 0.294308,
        "nauc_ndcg_at_20_diff1": 0.183207,
        "nauc_ndcg_at_100_max": 0.374454,
        "nauc_ndcg_at_100_std": 0.276877,
        "nauc_ndcg_at_100_diff1": 0.210393,
        "nauc_ndcg_at_1000_max": 0.375039,
        "nauc_ndcg_at_1000_std": 0.285374,
        "nauc_ndcg_at_1000_diff1": 0.221553,
        "nauc_map_at_1_max": 0.331699,
        "nauc_map_at_1_std": 0.171944,
        "nauc_map_at_1_diff1": 0.308535,
        "nauc_map_at_3_max": 0.332851,
        "nauc_map_at_3_std": 0.23923,
        "nauc_map_at_3_diff1": 0.188714,
        "nauc_map_at_5_max": 0.335379,
        "nauc_map_at_5_std": 0.255364,
        "nauc_map_at_5_diff1": 0.209675,
        "nauc_map_at_10_max": 0.347009,
        "nauc_map_at_10_std": 0.245825,
        "nauc_map_at_10_diff1": 0.212102,
        "nauc_map_at_20_max": 0.347306,
        "nauc_map_at_20_std": 0.254027,
        "nauc_map_at_20_diff1": 0.212188,
        "nauc_map_at_100_max": 0.348728,
        "nauc_map_at_100_std": 0.250905,
        "nauc_map_at_100_diff1": 0.214993,
        "nauc_map_at_1000_max": 0.348742,
        "nauc_map_at_1000_std": 0.251328,
        "nauc_map_at_1000_diff1": 0.215764,
        "nauc_recall_at_1_max": 0.331699,
        "nauc_recall_at_1_std": 0.171944,
        "nauc_recall_at_1_diff1": 0.308535,
        "nauc_recall_at_3_max": 0.323262,
        "nauc_recall_at_3_std": 0.310197,
        "nauc_recall_at_3_diff1": 0.027754,
        "nauc_recall_at_5_max": 0.338348,
        "nauc_recall_at_5_std": 0.420208,
        "nauc_recall_at_5_diff1": 0.093084,
        "nauc_recall_at_10_max": 0.42673,
        "nauc_recall_at_10_std": 0.342666,
        "nauc_recall_at_10_diff1": 0.091899,
        "nauc_recall_at_20_max": 0.419794,
        "nauc_recall_at_20_std": 0.450623,
        "nauc_recall_at_20_diff1": 0.082571,
        "nauc_recall_at_100_max": 0.512057,
        "nauc_recall_at_100_std": 0.410873,
        "nauc_recall_at_100_diff1": 0.33963,
        "nauc_recall_at_1000_max": 0.63948,
        "nauc_recall_at_1000_std": 0.711908,
        "nauc_recall_at_1000_diff1": 0.67155,
        "nauc_precision_at_1_max": 0.315365,
        "nauc_precision_at_1_std": 0.165965,
        "nauc_precision_at_1_diff1": 0.316333,
        "nauc_precision_at_3_max": 0.336348,
        "nauc_precision_at_3_std": 0.299037,
        "nauc_precision_at_3_diff1": -0.008795,
        "nauc_precision_at_5_max": 0.391492,
        "nauc_precision_at_5_std": 0.43272,
        "nauc_precision_at_5_diff1": 0.05976,
        "nauc_precision_at_10_max": 0.530307,
        "nauc_precision_at_10_std": 0.394654,
        "nauc_precision_at_10_diff1": 0.037327,
        "nauc_precision_at_20_max": 0.365216,
        "nauc_precision_at_20_std": 0.437277,
        "nauc_precision_at_20_diff1": -0.025665,
        "nauc_precision_at_100_max": 0.260522,
        "nauc_precision_at_100_std": 0.148982,
        "nauc_precision_at_100_diff1": 0.026202,
        "nauc_precision_at_1000_max": 0.17632,
        "nauc_precision_at_1000_std": 0.148362,
        "nauc_precision_at_1000_diff1": 0.064536,
        "nauc_mrr_at_1_max": 0.315365,
        "nauc_mrr_at_1_std": 0.165965,
        "nauc_mrr_at_1_diff1": 0.316333,
        "nauc_mrr_at_3_max": 0.329536,
        "nauc_mrr_at_3_std": 0.22895,
        "nauc_mrr_at_3_diff1": 0.178618,
        "nauc_mrr_at_5_max": 0.337003,
        "nauc_mrr_at_5_std": 0.245497,
        "nauc_mrr_at_5_diff1": 0.201723,
        "nauc_mrr_at_10_max": 0.349704,
        "nauc_mrr_at_10_std": 0.238615,
        "nauc_mrr_at_10_diff1": 0.203344,
        "nauc_mrr_at_20_max": 0.34921,
        "nauc_mrr_at_20_std": 0.242504,
        "nauc_mrr_at_20_diff1": 0.202893,
        "nauc_mrr_at_100_max": 0.348855,
        "nauc_mrr_at_100_std": 0.240031,
        "nauc_mrr_at_100_diff1": 0.206801,
        "nauc_mrr_at_1000_max": 0.34879,
        "nauc_mrr_at_1000_std": 0.240081,
        "nauc_mrr_at_1000_diff1": 0.206805,
        "main_score": 0.52124,
        "hf_subset": "default",
        "languages": [
          "eng-Latn"
        ]
      }
    ]
  },
  "evaluation_time": 14943.672375202179,
  "kg_co2_emissions": null
}