{
  "dataset_revision": "ab518f4d6fcca38d87c25209f94beba119d02014",
  "mteb_dataset_name": "HotpotQA",
  "mteb_version": "1.3.1",
  "test": {
    "evaluation_time": 4818.51,
    "map_at_1": 0.2966,
    "map_at_10": 0.44937,
    "map_at_100": 0.46194,
    "map_at_1000": 0.46301,
    "map_at_3": 0.41089,
    "map_at_5": 0.43423,
    "mrr_at_1": 0.5932,
    "mrr_at_10": 0.67764,
    "mrr_at_100": 0.68252,
    "mrr_at_1000": 0.68273,
    "mrr_at_3": 0.65911,
    "mrr_at_5": 0.67152,
    "ndcg_at_1": 0.5932,
    "ndcg_at_10": 0.54238,
    "ndcg_at_100": 0.58891,
    "ndcg_at_1000": 0.60955,
    "ndcg_at_3": 0.48246,
    "ndcg_at_5": 0.51516,
    "precision_at_1": 0.5932,
    "precision_at_10": 0.11883,
    "precision_at_100": 0.01548,
    "precision_at_1000": 0.00182,
    "precision_at_3": 0.30688,
    "precision_at_5": 0.21008,
    "recall_at_1": 0.2966,
    "recall_at_10": 0.59414,
    "recall_at_100": 0.77424,
    "recall_at_1000": 0.90963,
    "recall_at_3": 0.46033,
    "recall_at_5": 0.52519
  }
}