{
  "dataset_revision": "ab518f4d6fcca38d87c25209f94beba119d02014",
  "mteb_dataset_name": "HotpotQA",
  "mteb_version": "1.3.1",
  "test": {
    "evaluation_time": 5237.08,
    "map_at_1": 0.28652,
    "map_at_10": 0.42548,
    "map_at_100": 0.43724,
    "map_at_1000": 0.43833,
    "map_at_3": 0.39179,
    "map_at_5": 0.41162,
    "mrr_at_1": 0.57304,
    "mrr_at_10": 0.65364,
    "mrr_at_100": 0.65864,
    "mrr_at_1000": 0.65889,
    "mrr_at_3": 0.63579,
    "mrr_at_5": 0.64698,
    "ndcg_at_1": 0.57304,
    "ndcg_at_10": 0.51539,
    "ndcg_at_100": 0.56036,
    "ndcg_at_1000": 0.58253,
    "ndcg_at_3": 0.46174,
    "ndcg_at_5": 0.48984,
    "precision_at_1": 0.57304,
    "precision_at_10": 0.11184,
    "precision_at_100": 0.0147,
    "precision_at_1000": 0.00176,
    "precision_at_3": 0.29276,
    "precision_at_5": 0.1979,
    "recall_at_1": 0.28652,
    "recall_at_10": 0.5592,
    "recall_at_100": 0.73514,
    "recall_at_1000": 0.88186,
    "recall_at_3": 0.43913,
    "recall_at_5": 0.49475
  }
}