{
  "dataset_revision": "bea83ef9e8fb933d90a2f1d5515737465d613e12",
  "task_name": "FEVER",
  "mteb_version": "1.34.26",
  "scores": {
    "test": [
      {
        "ndcg_at_1": 0.07609,
        "ndcg_at_3": 0.12704,
        "ndcg_at_5": 0.1364,
        "ndcg_at_10": 0.16807,
        "ndcg_at_20": 0.17699,
        "ndcg_at_100": 0.21231,
        "ndcg_at_1000": 0.24499,
        "map_at_1": 0.06522,
        "map_at_3": 0.1087,
        "map_at_5": 0.11413,
        "map_at_10": 0.12696,
        "map_at_20": 0.12977,
        "map_at_100": 0.13484,
        "map_at_1000": 0.13598,
        "recall_at_1": 0.06522,
        "recall_at_3": 0.16848,
        "recall_at_5": 0.19022,
        "recall_at_10": 0.28261,
        "recall_at_20": 0.31522,
        "recall_at_100": 0.5,
        "recall_at_1000": 0.75,
        "precision_at_1": 0.07609,
        "precision_at_3": 0.06159,
        "precision_at_5": 0.0413,
        "precision_at_10": 0.03152,
        "precision_at_20": 0.01739,
        "precision_at_100": 0.00543,
        "precision_at_1000": 0.00085,
        "mrr_at_1": 0.076087,
        "mrr_at_3": 0.121377,
        "mrr_at_5": 0.126812,
        "mrr_at_10": 0.142357,
        "mrr_at_20": 0.145169,
        "mrr_at_100": 0.150438,
        "mrr_at_1000": 0.15151,
        "nauc_ndcg_at_1_max": -0.195771,
        "nauc_ndcg_at_1_std": 0.152075,
        "nauc_ndcg_at_1_diff1": 0.585485,
        "nauc_ndcg_at_3_max": -0.101854,
        "nauc_ndcg_at_3_std": 0.201838,
        "nauc_ndcg_at_3_diff1": 0.33339,
        "nauc_ndcg_at_5_max": -0.113419,
        "nauc_ndcg_at_5_std": 0.203062,
        "nauc_ndcg_at_5_diff1": 0.299732,
        "nauc_ndcg_at_10_max": -0.08456,
        "nauc_ndcg_at_10_std": 0.256037,
        "nauc_ndcg_at_10_diff1": 0.242244,
        "nauc_ndcg_at_20_max": -0.095094,
        "nauc_ndcg_at_20_std": 0.307996,
        "nauc_ndcg_at_20_diff1": 0.238871,
        "nauc_ndcg_at_100_max": -0.082681,
        "nauc_ndcg_at_100_std": 0.357943,
        "nauc_ndcg_at_100_diff1": 0.243029,
        "nauc_ndcg_at_1000_max": -0.118874,
        "nauc_ndcg_at_1000_std": 0.338434,
        "nauc_ndcg_at_1000_diff1": 0.241197,
        "nauc_map_at_1_max": -0.170288,
        "nauc_map_at_1_std": 0.230565,
        "nauc_map_at_1_diff1": 0.5164,
        "nauc_map_at_3_max": -0.111031,
        "nauc_map_at_3_std": 0.217328,
        "nauc_map_at_3_diff1": 0.35299,
        "nauc_map_at_5_max": -0.118506,
        "nauc_map_at_5_std": 0.217613,
        "nauc_map_at_5_diff1": 0.32961,
        "nauc_map_at_10_max": -0.105992,
        "nauc_map_at_10_std": 0.241805,
        "nauc_map_at_10_diff1": 0.297093,
        "nauc_map_at_20_max": -0.109873,
        "nauc_map_at_20_std": 0.262004,
        "nauc_map_at_20_diff1": 0.296034,
        "nauc_map_at_100_max": -0.105405,
        "nauc_map_at_100_std": 0.273176,
        "nauc_map_at_100_diff1": 0.292674,
        "nauc_map_at_1000_max": -0.107058,
        "nauc_map_at_1000_std": 0.271828,
        "nauc_map_at_1000_diff1": 0.293011,
        "nauc_recall_at_1_max": -0.170288,
        "nauc_recall_at_1_std": 0.230565,
        "nauc_recall_at_1_diff1": 0.5164,
        "nauc_recall_at_3_max": -0.058426,
        "nauc_recall_at_3_std": 0.198151,
        "nauc_recall_at_3_diff1": 0.254205,
        "nauc_recall_at_5_max": -0.081334,
        "nauc_recall_at_5_std": 0.199545,
        "nauc_recall_at_5_diff1": 0.200703,
        "nauc_recall_at_10_max": -0.030629,
        "nauc_recall_at_10_std": 0.313343,
        "nauc_recall_at_10_diff1": 0.097092,
        "nauc_recall_at_20_max": -0.056992,
        "nauc_recall_at_20_std": 0.431463,
        "nauc_recall_at_20_diff1": 0.089965,
        "nauc_recall_at_100_max": -0.019878,
        "nauc_recall_at_100_std": 0.567472,
        "nauc_recall_at_100_diff1": 0.115342,
        "nauc_recall_at_1000_max": -0.218757,
        "nauc_recall_at_1000_std": 0.565973,
        "nauc_recall_at_1000_diff1": 0.041669,
        "nauc_precision_at_1_max": -0.195771,
        "nauc_precision_at_1_std": 0.152075,
        "nauc_precision_at_1_diff1": 0.585485,
        "nauc_precision_at_3_max": -0.093231,
        "nauc_precision_at_3_std": 0.173179,
        "nauc_precision_at_3_diff1": 0.292299,
        "nauc_precision_at_5_max": -0.11334,
        "nauc_precision_at_5_std": 0.178317,
        "nauc_precision_at_5_diff1": 0.242077,
        "nauc_precision_at_10_max": -0.035118,
        "nauc_precision_at_10_std": 0.28818,
        "nauc_precision_at_10_diff1": 0.150574,
        "nauc_precision_at_20_max": -0.061229,
        "nauc_precision_at_20_std": 0.409023,
        "nauc_precision_at_20_diff1": 0.144534,
        "nauc_precision_at_100_max": -0.054824,
        "nauc_precision_at_100_std": 0.559242,
        "nauc_precision_at_100_diff1": 0.206899,
        "nauc_precision_at_1000_max": -0.315612,
        "nauc_precision_at_1000_std": 0.355447,
        "nauc_precision_at_1000_diff1": 0.102185,
        "nauc_mrr_at_1_max": -0.195771,
        "nauc_mrr_at_1_std": 0.152075,
        "nauc_mrr_at_1_diff1": 0.585485,
        "nauc_mrr_at_3_max": -0.140182,
        "nauc_mrr_at_3_std": 0.167025,
        "nauc_mrr_at_3_diff1": 0.406515,
        "nauc_mrr_at_5_max": -0.146493,
        "nauc_mrr_at_5_std": 0.169066,
        "nauc_mrr_at_5_diff1": 0.385292,
        "nauc_mrr_at_10_max": -0.12645,
        "nauc_mrr_at_10_std": 0.19055,
        "nauc_mrr_at_10_diff1": 0.355754,
        "nauc_mrr_at_20_max": -0.129901,
        "nauc_mrr_at_20_std": 0.208782,
        "nauc_mrr_at_20_diff1": 0.354763,
        "nauc_mrr_at_100_max": -0.12693,
        "nauc_mrr_at_100_std": 0.218312,
        "nauc_mrr_at_100_diff1": 0.353015,
        "nauc_mrr_at_1000_max": -0.128321,
        "nauc_mrr_at_1000_std": 0.21739,
        "nauc_mrr_at_1000_diff1": 0.352693,
        "main_score": 0.16807,
        "hf_subset": "default",
        "languages": [
          "eng-Latn"
        ]
      }
    ]
  },
  "evaluation_time": 3671.8277292251587,
  "kg_co2_emissions": null
}