{
  "dataset_revision": "ab518f4d6fcca38d87c25209f94beba119d02014",
  "mteb_dataset_name": "HotpotQA",
  "mteb_version": "1.3.1",
  "test": {
    "evaluation_time": 5143.12,
    "map_at_1": 0.28633,
    "map_at_10": 0.44776,
    "map_at_100": 0.45863,
    "map_at_1000": 0.45952,
    "map_at_3": 0.41098,
    "map_at_5": 0.43297,
    "mrr_at_1": 0.57265,
    "mrr_at_10": 0.66253,
    "mrr_at_100": 0.6667,
    "mrr_at_1000": 0.66688,
    "mrr_at_3": 0.64383,
    "mrr_at_5": 0.65606,
    "ndcg_at_1": 0.57265,
    "ndcg_at_10": 0.53864,
    "ndcg_at_100": 0.57976,
    "ndcg_at_1000": 0.59767,
    "ndcg_at_3": 0.48112,
    "ndcg_at_5": 0.512,
    "precision_at_1": 0.57265,
    "precision_at_10": 0.11898,
    "precision_at_100": 0.01513,
    "precision_at_1000": 0.00175,
    "precision_at_3": 0.31145,
    "precision_at_5": 0.21119,
    "recall_at_1": 0.28633,
    "recall_at_10": 0.59492,
    "recall_at_100": 0.75635,
    "recall_at_1000": 0.87482,
    "recall_at_3": 0.46717,
    "recall_at_5": 0.52798
  }
}