{
  "dataset_revision": "ab518f4d6fcca38d87c25209f94beba119d02014",
  "mteb_dataset_name": "HotpotQA",
  "mteb_version": "1.3.1",
  "test": {
    "evaluation_time": 4925.05,
    "map_at_1": 0.27821,
    "map_at_10": 0.413,
    "map_at_100": 0.42417,
    "map_at_1000": 0.42523,
    "map_at_3": 0.38126,
    "map_at_5": 0.40023,
    "mrr_at_1": 0.55641,
    "mrr_at_10": 0.63772,
    "mrr_at_100": 0.64244,
    "mrr_at_1000": 0.64271,
    "mrr_at_3": 0.61883,
    "mrr_at_5": 0.63121,
    "ndcg_at_1": 0.55641,
    "ndcg_at_10": 0.50099,
    "ndcg_at_100": 0.54446,
    "ndcg_at_1000": 0.56694,
    "ndcg_at_3": 0.44962,
    "ndcg_at_5": 0.47725,
    "precision_at_1": 0.55641,
    "precision_at_10": 0.10845,
    "precision_at_100": 0.01428,
    "precision_at_1000": 0.00173,
    "precision_at_3": 0.28543,
    "precision_at_5": 0.19302,
    "recall_at_1": 0.27821,
    "recall_at_10": 0.54226,
    "recall_at_100": 0.71408,
    "recall_at_1000": 0.86347,
    "recall_at_3": 0.42815,
    "recall_at_5": 0.48254
  }
}