{
  "dataset_revision": "c22ab2a51041ffd869aaddef7af8d8215647e41a",
  "mteb_dataset_name": "ArguAna",
  "mteb_version": "1.3.1",
  "test": {
    "evaluation_time": 1107.27,
    "map_at_1": 0.0,
    "map_at_10": 0.0,
    "map_at_100": 1e-05,
    "map_at_1000": 0.00103,
    "map_at_3": 0.0,
    "map_at_5": 0.0,
    "mrr_at_1": 0.0,
    "mrr_at_10": 0.0,
    "mrr_at_100": 1e-05,
    "mrr_at_1000": 0.00103,
    "mrr_at_3": 0.0,
    "mrr_at_5": 0.0,
    "ndcg_at_1": 0.0,
    "ndcg_at_10": 0.0,
    "ndcg_at_100": 0.00013,
    "ndcg_at_1000": 0.09845,
    "ndcg_at_3": 0.0,
    "ndcg_at_5": 0.0,
    "precision_at_1": 0.0,
    "precision_at_10": 0.0,
    "precision_at_100": 1e-05,
    "precision_at_1000": 0.00098,
    "precision_at_3": 0.0,
    "precision_at_5": 0.0,
    "recall_at_1": 0.0,
    "recall_at_10": 0.0,
    "recall_at_100": 0.00071,
    "recall_at_1000": 0.97653,
    "recall_at_3": 0.0,
    "recall_at_5": 0.0
  }
}