{
  "dataset_revision": "c22ab2a51041ffd869aaddef7af8d8215647e41a",
  "mteb_dataset_name": "ArguAna",
  "mteb_version": "1.8.7",
  "test": {
    "evaluation_time": 12.49,
    "map_at_1": 0.25249,
    "map_at_10": 0.40196,
    "map_at_100": 0.41336,
    "map_at_1000": 0.41343,
    "map_at_20": 0.41106,
    "map_at_3": 0.34934,
    "map_at_5": 0.37871,
    "mrr_at_1": 0.26031,
    "mrr_at_10": 0.40488,
    "mrr_at_100": 0.41628,
    "mrr_at_1000": 0.41634,
    "mrr_at_20": 0.41398,
    "mrr_at_3": 0.35171,
    "mrr_at_5": 0.38126,
    "ndcg_at_1": 0.25249,
    "ndcg_at_10": 0.4911,
    "ndcg_at_100": 0.53828,
    "ndcg_at_1000": 0.53993,
    "ndcg_at_20": 0.52291,
    "ndcg_at_3": 0.38175,
    "ndcg_at_5": 0.43488,
    "precision_at_1": 0.25249,
    "precision_at_10": 0.07788,
    "precision_at_100": 0.00982,
    "precision_at_1000": 0.001,
    "precision_at_20": 0.04509,
    "precision_at_3": 0.15861,
    "precision_at_5": 0.12105,
    "recall_at_1": 0.25249,
    "recall_at_10": 0.77881,
    "recall_at_100": 0.98222,
    "recall_at_1000": 0.99502,
    "recall_at_20": 0.90185,
    "recall_at_3": 0.47582,
    "recall_at_5": 0.60526
  }
}