{
  "dataset_revision": "ab518f4d6fcca38d87c25209f94beba119d02014",
  "mteb_dataset_name": "HotpotQA",
  "mteb_version": "1.3.1",
  "test": {
    "evaluation_time": 5895.89,
    "map_at_1": 0.28643,
    "map_at_10": 0.43602,
    "map_at_100": 0.44736,
    "map_at_1000": 0.44835,
    "map_at_3": 0.40087,
    "map_at_5": 0.42172,
    "mrr_at_1": 0.57286,
    "mrr_at_10": 0.65784,
    "mrr_at_100": 0.66245,
    "mrr_at_1000": 0.66267,
    "mrr_at_3": 0.63959,
    "mrr_at_5": 0.65128,
    "ndcg_at_1": 0.57286,
    "ndcg_at_10": 0.52638,
    "ndcg_at_100": 0.56954,
    "ndcg_at_1000": 0.5897,
    "ndcg_at_3": 0.47091,
    "ndcg_at_5": 0.50032,
    "precision_at_1": 0.57286,
    "precision_at_10": 0.11522,
    "precision_at_100": 0.0149,
    "precision_at_1000": 0.00176,
    "precision_at_3": 0.3016,
    "precision_at_5": 0.20419,
    "recall_at_1": 0.28643,
    "recall_at_10": 0.5761,
    "recall_at_100": 0.74517,
    "recall_at_1000": 0.87853,
    "recall_at_3": 0.4524,
    "recall_at_5": 0.51047
  }
}