{
  "dataset_revision": "ab518f4d6fcca38d87c25209f94beba119d02014",
  "mteb_dataset_name": "HotpotQA",
  "mteb_version": "1.3.1",
  "test": {
    "evaluation_time": 4932.42,
    "map_at_1": 0.29021,
    "map_at_10": 0.46046,
    "map_at_100": 0.47109,
    "map_at_1000": 0.47192,
    "map_at_3": 0.42116,
    "map_at_5": 0.44474,
    "mrr_at_1": 0.58041,
    "mrr_at_10": 0.67196,
    "mrr_at_100": 0.6763,
    "mrr_at_1000": 0.67646,
    "mrr_at_3": 0.65412,
    "mrr_at_5": 0.66552,
    "ndcg_at_1": 0.58041,
    "ndcg_at_10": 0.5525,
    "ndcg_at_100": 0.59268,
    "ndcg_at_1000": 0.60913,
    "ndcg_at_3": 0.49229,
    "ndcg_at_5": 0.5245,
    "precision_at_1": 0.58041,
    "precision_at_10": 0.12288,
    "precision_at_100": 0.01543,
    "precision_at_1000": 0.00176,
    "precision_at_3": 0.32036,
    "precision_at_5": 0.21762,
    "recall_at_1": 0.29021,
    "recall_at_10": 0.61441,
    "recall_at_100": 0.77139,
    "recall_at_1000": 0.87981,
    "recall_at_3": 0.48054,
    "recall_at_5": 0.54405
  }
}