{
  "dataset_revision": "ab518f4d6fcca38d87c25209f94beba119d02014",
  "mteb_dataset_name": "HotpotQA",
  "mteb_version": "1.3.1",
  "test": {
    "evaluation_time": 4690.05,
    "map_at_1": 0.27747,
    "map_at_10": 0.42287,
    "map_at_100": 0.43329,
    "map_at_1000": 0.43429,
    "map_at_3": 0.39073,
    "map_at_5": 0.40965,
    "mrr_at_1": 0.55494,
    "mrr_at_10": 0.63245,
    "mrr_at_100": 0.63694,
    "mrr_at_1000": 0.63724,
    "mrr_at_3": 0.61411,
    "mrr_at_5": 0.62514,
    "ndcg_at_1": 0.55494,
    "ndcg_at_10": 0.50701,
    "ndcg_at_100": 0.54908,
    "ndcg_at_1000": 0.57036,
    "ndcg_at_3": 0.45532,
    "ndcg_at_5": 0.48233,
    "precision_at_1": 0.55494,
    "precision_at_10": 0.11018,
    "precision_at_100": 0.01439,
    "precision_at_1000": 0.00172,
    "precision_at_3": 0.29058,
    "precision_at_5": 0.19574,
    "recall_at_1": 0.27747,
    "recall_at_10": 0.5509,
    "recall_at_100": 0.71959,
    "recall_at_1000": 0.8609,
    "recall_at_3": 0.43587,
    "recall_at_5": 0.48934
  }
}