{
  "dataset_revision": "bea83ef9e8fb933d90a2f1d5515737465d613e12",
  "task_name": "FEVER",
  "mteb_version": "1.34.14",
  "scores": {
    "test": [
      {
        "ndcg_at_1": 0.32738,
        "ndcg_at_3": 0.41183,
        "ndcg_at_5": 0.43283,
        "ndcg_at_10": 0.45845,
        "ndcg_at_20": 0.47437,
        "ndcg_at_100": 0.50024,
        "ndcg_at_1000": 0.5175,
        "map_at_1": 0.2996,
        "map_at_3": 0.37723,
        "map_at_5": 0.38899,
        "map_at_10": 0.40039,
        "map_at_20": 0.40526,
        "map_at_100": 0.40949,
        "map_at_1000": 0.41021,
        "recall_at_1": 0.2996,
        "recall_at_3": 0.47073,
        "recall_at_5": 0.52133,
        "recall_at_10": 0.59573,
        "recall_at_20": 0.65427,
        "recall_at_100": 0.77927,
        "recall_at_1000": 0.90327,
        "precision_at_1": 0.32738,
        "precision_at_3": 0.17659,
        "precision_at_5": 0.11667,
        "precision_at_10": 0.06786,
        "precision_at_20": 0.0375,
        "precision_at_100": 0.00911,
        "precision_at_1000": 0.0011,
        "mrr_at_1": 0.327381,
        "mrr_at_3": 0.418651,
        "mrr_at_5": 0.431151,
        "mrr_at_10": 0.441086,
        "mrr_at_20": 0.445247,
        "mrr_at_100": 0.449257,
        "mrr_at_1000": 0.449723,
        "nauc_ndcg_at_1_max": 0.199239,
        "nauc_ndcg_at_1_std": 0.107056,
        "nauc_ndcg_at_1_diff1": 0.543594,
        "nauc_ndcg_at_3_max": 0.214695,
        "nauc_ndcg_at_3_std": 0.080436,
        "nauc_ndcg_at_3_diff1": 0.540497,
        "nauc_ndcg_at_5_max": 0.240168,
        "nauc_ndcg_at_5_std": 0.111494,
        "nauc_ndcg_at_5_diff1": 0.518136,
        "nauc_ndcg_at_10_max": 0.261112,
        "nauc_ndcg_at_10_std": 0.163671,
        "nauc_ndcg_at_10_diff1": 0.514197,
        "nauc_ndcg_at_20_max": 0.291451,
        "nauc_ndcg_at_20_std": 0.166968,
        "nauc_ndcg_at_20_diff1": 0.492508,
        "nauc_ndcg_at_100_max": 0.296256,
        "nauc_ndcg_at_100_std": 0.183089,
        "nauc_ndcg_at_100_diff1": 0.485099,
        "nauc_ndcg_at_1000_max": 0.288663,
        "nauc_ndcg_at_1000_std": 0.172165,
        "nauc_ndcg_at_1000_diff1": 0.48449,
        "nauc_map_at_1_max": 0.215912,
        "nauc_map_at_1_std": 0.096023,
        "nauc_map_at_1_diff1": 0.543389,
        "nauc_map_at_3_max": 0.216986,
        "nauc_map_at_3_std": 0.084365,
        "nauc_map_at_3_diff1": 0.543354,
        "nauc_map_at_5_max": 0.230323,
        "nauc_map_at_5_std": 0.101426,
        "nauc_map_at_5_diff1": 0.530932,
        "nauc_map_at_10_max": 0.240415,
        "nauc_map_at_10_std": 0.12086,
        "nauc_map_at_10_diff1": 0.528322,
        "nauc_map_at_20_max": 0.249509,
        "nauc_map_at_20_std": 0.1213,
        "nauc_map_at_20_diff1": 0.522154,
        "nauc_map_at_100_max": 0.250335,
        "nauc_map_at_100_std": 0.123435,
        "nauc_map_at_100_diff1": 0.52074,
        "nauc_map_at_1000_max": 0.250179,
        "nauc_map_at_1000_std": 0.123022,
        "nauc_map_at_1000_diff1": 0.52072,
        "nauc_recall_at_1_max": 0.215912,
        "nauc_recall_at_1_std": 0.096023,
        "nauc_recall_at_1_diff1": 0.543389,
        "nauc_recall_at_3_max": 0.200651,
        "nauc_recall_at_3_std": 0.055409,
        "nauc_recall_at_3_diff1": 0.516475,
        "nauc_recall_at_5_max": 0.254017,
        "nauc_recall_at_5_std": 0.119984,
        "nauc_recall_at_5_diff1": 0.458808,
        "nauc_recall_at_10_max": 0.310106,
        "nauc_recall_at_10_std": 0.289865,
        "nauc_recall_at_10_diff1": 0.432133,
        "nauc_recall_at_20_max": 0.435368,
        "nauc_recall_at_20_std": 0.309038,
        "nauc_recall_at_20_diff1": 0.328299,
        "nauc_recall_at_100_max": 0.527216,
        "nauc_recall_at_100_std": 0.485324,
        "nauc_recall_at_100_diff1": 0.227865,
        "nauc_recall_at_1000_max": 0.642217,
        "nauc_recall_at_1000_std": 0.607218,
        "nauc_recall_at_1000_diff1": 0.022161,
        "nauc_precision_at_1_max": 0.199239,
        "nauc_precision_at_1_std": 0.107056,
        "nauc_precision_at_1_diff1": 0.543594,
        "nauc_precision_at_3_max": 0.21878,
        "nauc_precision_at_3_std": 0.072293,
        "nauc_precision_at_3_diff1": 0.526589,
        "nauc_precision_at_5_max": 0.291082,
        "nauc_precision_at_5_std": 0.158739,
        "nauc_precision_at_5_diff1": 0.471888,
        "nauc_precision_at_10_max": 0.342447,
        "nauc_precision_at_10_std": 0.311661,
        "nauc_precision_at_10_diff1": 0.375219,
        "nauc_precision_at_20_max": 0.433683,
        "nauc_precision_at_20_std": 0.337876,
        "nauc_precision_at_20_diff1": 0.22218,
        "nauc_precision_at_100_max": 0.458461,
        "nauc_precision_at_100_std": 0.43354,
        "nauc_precision_at_100_diff1": 0.029318,
        "nauc_precision_at_1000_max": 0.222314,
        "nauc_precision_at_1000_std": 0.251132,
        "nauc_precision_at_1000_diff1": -0.200113,
        "nauc_mrr_at_1_max": 0.199239,
        "nauc_mrr_at_1_std": 0.107056,
        "nauc_mrr_at_1_diff1": 0.543594,
        "nauc_mrr_at_3_max": 0.213537,
        "nauc_mrr_at_3_std": 0.096827,
        "nauc_mrr_at_3_diff1": 0.54103,
        "nauc_mrr_at_5_max": 0.229256,
        "nauc_mrr_at_5_std": 0.117571,
        "nauc_mrr_at_5_diff1": 0.528016,
        "nauc_mrr_at_10_max": 0.234925,
        "nauc_mrr_at_10_std": 0.138111,
        "nauc_mrr_at_10_diff1": 0.528793,
        "nauc_mrr_at_20_max": 0.242259,
        "nauc_mrr_at_20_std": 0.138143,
        "nauc_mrr_at_20_diff1": 0.52374,
        "nauc_mrr_at_100_max": 0.241721,
        "nauc_mrr_at_100_std": 0.13995,
        "nauc_mrr_at_100_diff1": 0.522942,
        "nauc_mrr_at_1000_max": 0.241461,
        "nauc_mrr_at_1000_std": 0.139231,
        "nauc_mrr_at_1000_diff1": 0.522917,
        "main_score": 0.45845,
        "hf_subset": "default",
        "languages": [
          "eng-Latn"
        ]
      }
    ]
  },
  "evaluation_time": 7498.114908456802,
  "kg_co2_emissions": null
}