{
  "dataset_revision": "bea83ef9e8fb933d90a2f1d5515737465d613e12",
  "mteb_dataset_name": "FEVER",
  "mteb_version": "1.3.1",
  "test": {
    "evaluation_time": 7666.72,
    "map_at_1": 0.26863,
    "map_at_10": 0.39507,
    "map_at_100": 0.40279,
    "map_at_1000": 0.4032,
    "map_at_3": 0.36682,
    "map_at_5": 0.38327,
    "mrr_at_1": 0.28797,
    "mrr_at_10": 0.42158,
    "mrr_at_100": 0.42836,
    "mrr_at_1000": 0.42865,
    "mrr_at_3": 0.39314,
    "mrr_at_5": 0.41003,
    "ndcg_at_1": 0.28797,
    "ndcg_at_10": 0.46187,
    "ndcg_at_100": 0.49715,
    "ndcg_at_1000": 0.5082,
    "ndcg_at_3": 0.4054,
    "ndcg_at_5": 0.43436,
    "precision_at_1": 0.28797,
    "precision_at_10": 0.07023,
    "precision_at_100": 0.00891,
    "precision_at_1000": 0.00101,
    "precision_at_3": 0.17652,
    "precision_at_5": 0.12161,
    "recall_at_1": 0.26863,
    "recall_at_10": 0.64281,
    "recall_at_100": 0.80113,
    "recall_at_1000": 0.88559,
    "recall_at_3": 0.48843,
    "recall_at_5": 0.55938
  }
}