{
  "dataset_revision": "ab518f4d6fcca38d87c25209f94beba119d02014",
  "mteb_dataset_name": "HotpotQA",
  "mteb_version": "1.3.1",
  "test": {
    "evaluation_time": 5899.61,
    "map_at_1": 0.27427,
    "map_at_10": 0.41787,
    "map_at_100": 0.42963,
    "map_at_1000": 0.43066,
    "map_at_3": 0.38169,
    "map_at_5": 0.40317,
    "mrr_at_1": 0.54855,
    "mrr_at_10": 0.63571,
    "mrr_at_100": 0.64068,
    "mrr_at_1000": 0.64093,
    "mrr_at_3": 0.61596,
    "mrr_at_5": 0.62796,
    "ndcg_at_1": 0.54855,
    "ndcg_at_10": 0.50854,
    "ndcg_at_100": 0.55356,
    "ndcg_at_1000": 0.57457,
    "ndcg_at_3": 0.45085,
    "ndcg_at_5": 0.48119,
    "precision_at_1": 0.54855,
    "precision_at_10": 0.11244,
    "precision_at_100": 0.01478,
    "precision_at_1000": 0.00175,
    "precision_at_3": 0.28908,
    "precision_at_5": 0.19746,
    "recall_at_1": 0.27427,
    "recall_at_10": 0.56219,
    "recall_at_100": 0.73876,
    "recall_at_1000": 0.87745,
    "recall_at_3": 0.43363,
    "recall_at_5": 0.49365
  }
}