{
  "dataset_revision": "ab518f4d6fcca38d87c25209f94beba119d02014",
  "mteb_dataset_name": "HotpotQA",
  "mteb_version": "1.3.1",
  "test": {
    "evaluation_time": 4741.87,
    "map_at_1": 0.26854,
    "map_at_10": 0.40246,
    "map_at_100": 0.41497,
    "map_at_1000": 0.41611,
    "map_at_3": 0.36662,
    "map_at_5": 0.38806,
    "mrr_at_1": 0.53708,
    "mrr_at_10": 0.6189,
    "mrr_at_100": 0.62432,
    "mrr_at_1000": 0.62462,
    "mrr_at_3": 0.59754,
    "mrr_at_5": 0.61101,
    "ndcg_at_1": 0.53708,
    "ndcg_at_10": 0.49158,
    "ndcg_at_100": 0.54054,
    "ndcg_at_1000": 0.56344,
    "ndcg_at_3": 0.43344,
    "ndcg_at_5": 0.4645,
    "precision_at_1": 0.53708,
    "precision_at_10": 0.10857,
    "precision_at_100": 0.01472,
    "precision_at_1000": 0.00177,
    "precision_at_3": 0.27565,
    "precision_at_5": 0.18994,
    "recall_at_1": 0.26854,
    "recall_at_10": 0.54284,
    "recall_at_100": 0.73615,
    "recall_at_1000": 0.88683,
    "recall_at_3": 0.41347,
    "recall_at_5": 0.47485
  }
}