{
  "dataset_revision": "ab518f4d6fcca38d87c25209f94beba119d02014",
  "mteb_dataset_name": "HotpotQA",
  "mteb_version": "1.3.1",
  "test": {
    "evaluation_time": 5201.32,
    "map_at_1": 0.28427,
    "map_at_10": 0.44418,
    "map_at_100": 0.45498,
    "map_at_1000": 0.45591,
    "map_at_3": 0.40903,
    "map_at_5": 0.43025,
    "mrr_at_1": 0.56853,
    "mrr_at_10": 0.64782,
    "mrr_at_100": 0.65235,
    "mrr_at_1000": 0.65261,
    "mrr_at_3": 0.62953,
    "mrr_at_5": 0.64105,
    "ndcg_at_1": 0.56853,
    "ndcg_at_10": 0.52899,
    "ndcg_at_100": 0.57126,
    "ndcg_at_1000": 0.5908,
    "ndcg_at_3": 0.47372,
    "ndcg_at_5": 0.50348,
    "precision_at_1": 0.56853,
    "precision_at_10": 0.11588,
    "precision_at_100": 0.01494,
    "precision_at_1000": 0.00175,
    "precision_at_3": 0.30443,
    "precision_at_5": 0.20619,
    "recall_at_1": 0.28427,
    "recall_at_10": 0.57941,
    "recall_at_100": 0.747,
    "recall_at_1000": 0.87664,
    "recall_at_3": 0.45665,
    "recall_at_5": 0.51546
  }
}