{
  "dataset_revision": "ab518f4d6fcca38d87c25209f94beba119d02014",
  "mteb_dataset_name": "HotpotQA",
  "mteb_version": "1.3.1",
  "test": {
    "evaluation_time": 4831.66,
    "map_at_1": 0.30146,
    "map_at_10": 0.49136,
    "map_at_100": 0.50117,
    "map_at_1000": 0.50188,
    "map_at_3": 0.45504,
    "map_at_5": 0.47742,
    "mrr_at_1": 0.60291,
    "mrr_at_10": 0.68124,
    "mrr_at_100": 0.68507,
    "mrr_at_1000": 0.68527,
    "mrr_at_3": 0.66533,
    "mrr_at_5": 0.67544,
    "ndcg_at_1": 0.60291,
    "ndcg_at_10": 0.57309,
    "ndcg_at_100": 0.61046,
    "ndcg_at_1000": 0.62608,
    "ndcg_at_3": 0.51808,
    "ndcg_at_5": 0.5483,
    "precision_at_1": 0.60291,
    "precision_at_10": 0.12532,
    "precision_at_100": 0.01548,
    "precision_at_1000": 0.00176,
    "precision_at_3": 0.33657,
    "precision_at_5": 0.22581,
    "recall_at_1": 0.30146,
    "recall_at_10": 0.62661,
    "recall_at_100": 0.77391,
    "recall_at_1000": 0.87868,
    "recall_at_3": 0.50485,
    "recall_at_5": 0.56452
  }
}